group_id,query_text,group_size,query_ids,target_document_ids,target_titles,target_categories,difficulties,query_types,n_unique_targets,target_relationship,risk
1,بیړني زنګونه په شبکه کې کوم لومړیتوب لري؟,5,Q0426;Q0526;Q0586;Q0626;Q0682,D426;D526;D586;D626;D682,د ګرځنده مخابراتو د بیړنیو زنګونو د لومړیتوب سیستم;د ګرځنده مخابراتو د بیړنیو زنګونو د لومړیتوب سیستم لارښود;د ګرځنده مخابراتو د بیړنیو زنګونو د لومړیتوب سیستم لارښود;د دولتي ودانیو د ساتنې لپاره د برېښنايي سیستم لارښود;د دولتي ودانیو د ساتنې لپاره د برېښنايي سیستم لارښود,Telecommunications and ICT;Telecommunications and ICT;Telecommunications and ICT;Government and Administration;Government and Administration,easy;easy;easy;easy;easy,direct_information;direct_information;direct_information;direct_information;direct_information,5,different_documents,HIGH
2,د زده کړې د معلوماتو تحلیل څنګه د تدریس په ښه کولو کې مرسته کوي؟,5,Q0440;Q0540;Q0600;Q0640;Q0696,D440;D540;D600;D640;D696,د زده کړې لپاره د معلوماتو د تحلیل د کارونې لارښود;د زده کړې لپاره د معلوماتو د تحلیل د کارونې لارښود;د زده کړې لپاره د معلوماتو د تحلیل د کارونې لارښود;د برېښنايي اسنادو د اوږدمهاله ساتنې لپاره د فارمیټ معیارونه لارښود;د برېښنايي اسنادو د اوږدمهاله ساتنې لپاره د فارمیټ معیارونه لارښود,Education;Education;Education;Law and Regulations;Law and Regulations,hard;hard;hard;hard;hard,direct_information;direct_information;direct_information;direct_information;direct_information,5,different_documents,HIGH
3,د زده کړې لپاره خلاصې سرچینې څنګه موندل کېږي او کارول کېږي؟,5,Q0434;Q0534;Q0594;Q0634;Q0690,D434;D534;D594;D634;D690,د زده کړې لپاره د خلاصو سرچینو د کارونې لارښود;د زده کړې لپاره د خلاصو سرچینو د کارونې لارښود;د زده کړې لپاره د خلاصو سرچینو د کارونې لارښود;د برېښنايي معاملو د ثبت ساتنې مقرره لارښود;د برېښنايي معاملو د ثبت ساتنې مقرره لارښود,Education;Education;Education;Law and Regulations;Law and Regulations,hard;hard;hard;hard;hard,procedural;procedural;procedural;procedural;procedural,5,different_documents,HIGH
4,د زده کړې لپاره مجازی واقعیت څنګه کارول کېږي؟,5,Q0437;Q0537;Q0597;Q0637;Q0693,D437;D537;D597;D637;D693,د زده کړې لپاره د مجازی واقعیت د کارونې لارښود;د زده کړې لپاره د مجازی واقعیت د کارونې لارښود;د زده کړې لپاره د مجازی واقعیت د کارونې لارښود;د معلوماتي امنیت د پالیسۍ د بیاکتنې لارښود;د معلوماتي امنیت د پالیسۍ د بیاکتنې لارښود,Education;Education;Education;Law and Regulations;Law and Regulations,hard;hard;hard;hard;hard,direct_information;direct_information;direct_information;direct_information;direct_information,5,different_documents,HIGH
5,زدهکوونکو ته د ډیجیټلي سواد د لوړولو لپاره کوم پروګرام شتون لري؟,5,Q0432;Q0532;Q0592;Q0632;Q0688,D432;D532;D592;D632;D688,د زدهکوونکو لپاره د ډیجیټلي سواد د لوړولو پروګرام;د زدهکوونکو لپاره د ډیجیټلي سواد د لوړولو پروګرام لارښود;د زدهکوونکو لپاره د ډیجیټلي سواد د لوړولو پروګرام لارښود;د معلوماتي ټکنالوژۍ د امنیتي روزنې لپاره د کلني پلان لارښود;د معلوماتي ټکنالوژۍ د امنیتي روزنې لپاره د کلني پلان لارښود,Education;Education;Education;Law and Regulations;Law and Regulations,easy;easy;easy;easy;easy,direct_information;direct_information;direct_information;direct_information;direct_information,5,different_documents,HIGH
6,زدهکوونکي د ډیجیټلي امنیت په اړه کوم مواد زده کوي؟,5,Q0438;Q0538;Q0598;Q0638;Q0694,D438;D538;D598;D638;D694,د زدهکوونکو لپاره د ډیجیټلي امنیت د روزنې مواد;د زدهکوونکو لپاره د ډیجیټلي امنیت د روزنې مواد لارښود;د زدهکوونکو لپاره د ډیجیټلي امنیت د روزنې مواد لارښود;د برېښنايي اسنادو د لېږد لپاره د کوډ کولو معیارونه لارښود;د برېښنايي اسنادو د لېږد لپاره د کوډ کولو معیارونه لارښود,Education;Education;Education;Law and Regulations;Law and Regulations,easy;easy;easy;easy;easy,direct_information;direct_information;direct_information;direct_information;direct_information,5,different_documents,HIGH
7,زدهکوونکي د ډیجیټلي پورټ فولیو له لارې خپل پرمختګ څنګه ښیې؟,5,Q0435;Q0535;Q0595;Q0635;Q0691,D435;D535;D595;D635;D691,د زدهکوونکو د ارزونې لپاره د ډیجیټلي پورټ فولیو د کارونې لارښود;د زدهکوونکو د ارزونې لپاره د ډیجیټلي پورټ فولیو د کارونې لارښود;د زدهکوونکو د ارزونې لپاره د ډیجیټلي پورټ فولیو د کارونې لارښود;د ډیجیټلي اسنادو د تصدیق د مرکز د فعالیت لارښود;د ډیجیټلي اسنادو د تصدیق د مرکز د فعالیت لارښود,Education;Education;Education;Law and Regulations;Law and Regulations,easy;easy;easy;easy;easy,procedural;procedural;procedural;procedural;procedural,5,different_documents,HIGH
8,ډیجیټلي زده کړې محتوا د تازه کولو لپاره کومه پروسه شتون لري؟,5,Q0436;Q0536;Q0596;Q0636;Q0692,D436;D536;D596;D636;D692,د ښوونځیو لپاره د ډیجیټلي زده کړې د محتوا د تازه کولو لارښود;د ښوونځیو لپاره د ډیجیټلي زده کړې د محتوا د تازه کولو لارښود;د ښوونځیو لپاره د ډیجیټلي زده کړې د محتوا د تازه کولو لارښود;د سایبري جرمونو د نړیوالې همکارۍ لارښود;د سایبري جرمونو د نړیوالې همکارۍ لارښود,Education;Education;Education;Law and Regulations;Law and Regulations,medium;medium;medium;medium;medium,procedural;procedural;procedural;procedural;procedural,5,different_documents,HIGH
9,ښوونکي خپل ډیجیټلي وسایل څنګه ساتي؟,5,Q0439;Q0539;Q0599;Q0639;Q0695,D439;D539;D599;D639;D695,د ښوونکو لپاره د ډیجیټلي وسایلو د ساتنې لارښود;د ښوونکو لپاره د ډیجیټلي وسایلو د ساتنې لارښود;د ښوونکو لپاره د ډیجیټلي وسایلو د ساتنې لارښود;د معلوماتي ټکنالوژۍ د امنیتي پیښو د غبرګون پلان لارښود;د معلوماتي ټکنالوژۍ د امنیتي پیښو د غبرګون پلان لارښود,Education;Education;Education;Law and Regulations;Law and Regulations,medium;medium;medium;medium;medium,procedural;procedural;procedural;procedural;procedural,5,different_documents,HIGH
10,ښوونکي د آنلاین تدریس لپاره کوم مهارتونه زده کوي؟,5,Q0433;Q0533;Q0593;Q0633;Q0689,D433;D533;D593;D633;D689,د ښوونکو لپاره د آنلاین تدریس د مهارتونو روزنه;د ښوونکو لپاره د آنلاین تدریس د مهارتونو روزنه لارښود;د ښوونکو لپاره د آنلاین تدریس د مهارتونو روزنه لارښود;د شخصي معلوماتو د ساتنې لپاره د تخنیکي تدابیرو لارښود;د شخصي معلوماتو د ساتنې لپاره د تخنیکي تدابیرو لارښود,Education;Education;Education;Law and Regulations;Law and Regulations,medium;medium;medium;medium;medium,direct_information;direct_information;direct_information;direct_information;direct_information,5,different_documents,HIGH
11,برېښنايي ارشیفونه قانوني اعتبار د ترلاسه کولو لپاره کوم شرایط لري؟,4,Q0411;Q0511;Q0571;Q0667,D411;D511;D571;D667,د برېښنايي اسنادو د ارشیف د قانوني اعتبار مقرره;د برېښنايي اسنادو د ارشیف د قانوني اعتبار مقرره لارښود;د برېښنايي اسنادو د ارشیف د قانوني اعتبار مقرره لارښود;د برېښنايي سوداګرۍ لپاره د پیرودونکو د حقونو لارښود,Law and Regulations;Law and Regulations;Law and Regulations;Economy and Finance,medium;medium;medium;medium,requirement;requirement;requirement;requirement,4,different_documents,HIGH
12,برېښنايي اسناد د اوږدمهاله ساتنې لپاره کوم فارمیټونه باید وکارول شي؟,4,Q0420;Q0520;Q0580;Q0676,D420;D520;D580;D676,د برېښنايي اسنادو د اوږدمهاله ساتنې لپاره د فارمیټ معیارونه;د برېښنايي اسنادو د اوږدمهاله ساتنې لپاره د فارمیټ معیارونه لارښود;د برېښنايي اسنادو د اوږدمهاله ساتنې لپاره د فارمیټ معیارونه لارښود;د مصنوعي ځیرکتیا په مرسته د روغتیا تشخیص لارښود,Law and Regulations;Law and Regulations;Law and Regulations;Science and Technology,easy;easy;easy;easy,direct_information;direct_information;direct_information;direct_information,4,different_documents,HIGH
13,برېښنايي اسناد د لېږد پر مهال د کوډ کولو لپاره کوم معیارونه کارول کېږي؟,4,Q0418;Q0518;Q0578;Q0674,D418;D518;D578;D674,د برېښنايي اسنادو د لېږد لپاره د کوډ کولو معیارونه;د برېښنايي اسنادو د لېږد لپاره د کوډ کولو معیارونه لارښود;د برېښنايي اسنادو د لېږد لپاره د کوډ کولو معیارونه لارښود;د معلوماتي ټکنالوژۍ د پروژو د خطرونو د مدیریت لارښود,Law and Regulations;Law and Regulations;Law and Regulations;Science and Technology,medium;medium;medium;medium,requirement;requirement;requirement;requirement,4,different_documents,HIGH
14,برېښنايي اسنادو د لېږد لپاره خوندي برېښنايي پوست څنګه کارول کېږي؟,4,Q0778;Q0839;Q0899;Q0974,D778;D839;D899;D974,د برېښنايي اسنادو د لېږد لپاره د خوندي برېښنايي پوست لارښود;د برېښنايي اسنادو د لېږد لپاره د خوندي برېښنايي پوست لارښود;د برېښنايي اسنادو د لېږد لپاره د خوندي برېښنايي پوست لارښود;د برېښنايي اسنادو د لېږد لپاره د خوندي برېښنايي پوست جامع لارښود,Law and Regulations;Law and Regulations;Law and Regulations;Law and Regulations,hard;hard;hard;hard,procedural;procedural;procedural;procedural,4,different_documents,HIGH
15,برېښنايي معاملې د ثبت ساتلو لپاره کوم مقرره لري؟,4,Q0414;Q0514;Q0574;Q0670,D414;D514;D574;D670,د برېښنايي معاملو د ثبت ساتنې مقرره;د برېښنايي معاملو د ثبت ساتنې مقرره لارښود;د برېښنايي معاملو د ثبت ساتنې مقرره لارښود;د مصنوعي ځیرکتیا په مرسته د مالي وړاندوینې سیستم لارښود,Law and Regulations;Law and Regulations;Law and Regulations;Economy and Finance,medium;medium;medium;medium,direct_information;direct_information;direct_information;direct_information,4,different_documents,HIGH
16,د انټرنیټي خدماتو د بې طرفۍ څارنې لپاره کوم تخنیکي وسیلې کارول کېږي؟,4,Q0427;Q0527;Q0587;Q0683,D427;D527;D587;D683,د انټرنیټي خدماتو د بې طرفۍ د څارنې لپاره تخنیکي وسیلې;د انټرنیټي خدماتو د بې طرفۍ د څارنې لپاره تخنیکي وسیلې لارښود;د انټرنیټي خدماتو د بې طرفۍ د څارنې لپاره تخنیکي وسیلې لارښود;د دولتي خدماتو لپاره د بې سیمه شبکې کارول لارښود,Telecommunications and ICT;Telecommunications and ICT;Telecommunications and ICT;Government and Administration,hard;hard;hard;hard,direct_information;direct_information;direct_information;direct_information,4,different_documents,HIGH
17,د انټرنیټي خدماتو د کیفیت په اړه شکایت څنګه حل کېږي؟,4,Q0424;Q0524;Q0584;Q0680,D424;D524;D584;D680,د انټرنیټي خدماتو د کیفیت د شکایتونو د حل پروسه;د انټرنیټي خدماتو د کیفیت د شکایتونو د حل پروسه لارښود;د انټرنیټي خدماتو د کیفیت د شکایتونو د حل پروسه لارښود;د مصنوعي ځیرکتیا په مرسته د ژباړې سیستم لارښود,Telecommunications and ICT;Telecommunications and ICT;Telecommunications and ICT;Science and Technology,medium;medium;medium;medium,procedural;procedural;procedural;procedural,4,different_documents,HIGH
18,د شخصي معلوماتو د ساتنې لپاره تخنیکي تدابیر کوم دي؟,4,Q0413;Q0513;Q0573;Q0669,D413;D513;D573;D669,د شخصي معلوماتو د ساتنې لپاره د تخنیکي تدابیرو لارښود;د شخصي معلوماتو د ساتنې لپاره د تخنیکي تدابیرو لارښود;د شخصي معلوماتو د ساتنې لپاره د تخنیکي تدابیرو لارښود;د معلوماتي ټکنالوژۍ په مرسته د مالي خدماتو د لاسرسي پراخول لارښود,Law and Regulations;Law and Regulations;Law and Regulations;Economy and Finance,easy;easy;easy;easy,direct_information;direct_information;direct_information;direct_information,4,different_documents,HIGH
19,د شخصي معلوماتو د ساتنې په اړه د خلکو پوهاوی څنګه زیاتېږي؟,4,Q0779;Q0840;Q0900;Q0975,D779;D840;D900;D975,د شخصي معلوماتو د ساتنې لپاره د کاروونکو د پوهاوي کمپاین;د شخصي معلوماتو د ساتنې لپاره د کاروونکو د پوهاوي کمپاین لارښود;د شخصي معلوماتو د ساتنې لپاره د کاروونکو د پوهاوي کمپاین لارښود;د شخصي معلوماتو د ساتنې لپاره د کاروونکو د پوهاوي جامع کمپاین,Law and Regulations;Law and Regulations;Law and Regulations;Law and Regulations,medium;medium;medium;medium,direct_information;direct_information;direct_information;direct_information,4,different_documents,HIGH
20,د مخابراتي سایټونو د برېښنا بیک اپ ازموینه څنګه ترسره کېږي؟,4,Q0423;Q0523;Q0583;Q0679,D423;D523;D583;D679,د مخابراتي خدماتو لپاره د انرژۍ د بیک اپ د ازموینې لارښود;د مخابراتي خدماتو لپاره د انرژۍ د بیک اپ د ازموینې لارښود;د مخابراتي خدماتو لپاره د انرژۍ د بیک اپ د ازموینې لارښود;د روبوټیک په مرسته د جراحۍ لارښود,Telecommunications and ICT;Telecommunications and ICT;Telecommunications and ICT;Science and Technology,easy;easy;easy;easy,procedural;procedural;procedural;procedural,4,different_documents,HIGH
21,د مخابراتي شبکو پراختیا د چاپیریالي اغیزو د کمولو لپاره کوم لارښود لري؟,4,Q0429;Q0529;Q0589;Q0685,D429;D529;D589;D685,د مخابراتي شبکو د پراختیا لپاره د چاپیریالي اغیزو د کمولو لارښود;د مخابراتي شبکو د پراختیا لپاره د چاپیریالي اغیزو د کمولو لارښود;د مخابراتي شبکو د پراختیا لپاره د چاپیریالي اغیزو د کمولو لارښود;د دولتي خدماتو د ارزونې لپاره د معیارونو چوکاټ لارښود,Telecommunications and ICT;Telecommunications and ICT;Telecommunications and ICT;Government and Administration,hard;hard;hard;hard,requirement;requirement;requirement;requirement,4,different_documents,HIGH
22,د معلوماتي امنیت پالیسي د بیاکتنې لپاره کوم مهالوېش ټاکل کېږي؟,4,Q0417;Q0517;Q0577;Q0673,D417;D517;D577;D673,د معلوماتي امنیت د پالیسۍ د بیاکتنې لارښود;د معلوماتي امنیت د پالیسۍ د بیاکتنې لارښود;د معلوماتي امنیت د پالیسۍ د بیاکتنې لارښود;د مصنوعي ځیرکتیا په مرسته د ترافیک مدیریت لارښود,Law and Regulations;Law and Regulations;Law and Regulations;Science and Technology,easy;easy;easy;easy,direct_information;direct_information;direct_information;direct_information,4,different_documents,HIGH
23,د معلوماتي امنیت پالیسي د نه پلي کولو جزاګانې څه دي؟,4,Q0777;Q0838;Q0898;Q0973,D777;D838;D898;D973,د معلوماتي امنیت د پالیسۍ د نه پلي کولو جزاګانې;د معلوماتي امنیت د پالیسۍ د نه پلي کولو جزاګانې لارښود;د معلوماتي امنیت د پالیسۍ د نه پلي کولو جزاګانې لارښود;د معلوماتي امنیت د پالیسۍ د نه پلي کولو جزاګانې جامع لارښود,Law and Regulations;Law and Regulations;Law and Regulations;Law and Regulations,medium;easy;easy;medium,direct_information;direct_information;direct_information;direct_information,4,different_documents,HIGH
24,د معلوماتي ټکنالوژۍ امنیتي خطرونو د ارزونې لپاره کومه میتودولوژي شتون لري؟,4,Q0775;Q0835;Q0895;Q0971,D775;D835;D895;D971,د معلوماتي ټکنالوژۍ د امنیتي خطرونو د ارزونې لپاره میتودولوژي;د معلوماتي ټکنالوژۍ د امنیتي خطرونو د ارزونې لپاره میتودولوژي لارښود;د معلوماتي ټکنالوژۍ د امنیتي خطرونو د ارزونې لپاره میتودولوژي لارښود;د معلوماتي ټکنالوژۍ د امنیتي خطرونو د ارزونې لپاره جامع میتودولوژي,Law and Regulations;Law and Regulations;Law and Regulations;Law and Regulations,hard;hard;hard;hard,direct_information;direct_information;direct_information;direct_information,4,different_documents,HIGH
25,د معلوماتي ټکنالوژۍ په مرسته مالي خدمات لرې پرتو سیمو ته څنګه رسېږي؟,4,Q0449;Q0499;Q0549;Q0649,D449;D499;D549;D649,د معلوماتي ټکنالوژۍ په مرسته د مالي خدماتو د لاسرسي پراخول;د معلوماتي ټکنالوژۍ په مرسته د مالي خدماتو د لاسرسي پراخول لارښود;د معلوماتي ټکنالوژۍ په مرسته د مالي خدماتو د لاسرسي پراخول لارښود;د مخابراتي شبکو د پراختیا لپاره د چاپیریالي اغیزو د کمولو لارښود,Economy and Finance;Economy and Finance;Economy and Finance;Telecommunications and ICT,hard;hard;hard;hard,direct_information;direct_information;direct_information;direct_information,4,different_documents,HIGH
26,د ډیجیټلي اسنادو د تصدیق مرکز څنګه فعالیت کوي؟,4,Q0415;Q0515;Q0575;Q0671,D415;D515;D575;D671,د ډیجیټلي اسنادو د تصدیق د مرکز د فعالیت لارښود;د ډیجیټلي اسنادو د تصدیق د مرکز د فعالیت لارښود;د ډیجیټلي اسنادو د تصدیق د مرکز د فعالیت لارښود;د معلوماتي ټکنالوژۍ د امنیتي روزنې لپاره د مجازی حقیقت کارول لارښود,Law and Regulations;Law and Regulations;Law and Regulations;Science and Technology,hard;hard;hard;hard,direct_information;direct_information;direct_information;direct_information,4,different_documents,HIGH
27,د ګرځنده شبکو ظرفیت لوړولو لپاره کوم تخنیکي لارې وړاندیز شوي؟,4,Q0422;Q0522;Q0582;Q0678,D422;D522;D582;D678,د ګرځنده شبکو د ظرفیت د لوړولو لپاره تخنیکي لارې;د ګرځنده شبکو د ظرفیت د لوړولو لپاره تخنیکي لارې لارښود;د ګرځنده شبکو د ظرفیت د لوړولو لپاره تخنیکي لارې لارښود;د بایو انفارماتیک د څېړنې لارښود,Telecommunications and ICT;Telecommunications and ICT;Telecommunications and ICT;Science and Technology,hard;hard;hard;hard,requirement;requirement;requirement;requirement,4,different_documents,HIGH
28,د ګرځنده پیسو خدماتو امنیتي پلټنه څنګه ترسره کېږي؟,4,Q0442;Q0542;Q0642;Q0698,D442;D542;D642;D698,د ګرځنده پیسو د خدماتو لپاره د امنیتي پلټنو لارښود;د ګرځنده پیسو د خدماتو لپاره د امنیتي پلټنو لارښود;د ګرځنده شبکو د ظرفیت د لوړولو لپاره تخنیکي لارې لارښود;د ګرځنده شبکو د ظرفیت د لوړولو لپاره تخنیکي لارې لارښود,Economy and Finance;Economy and Finance;Telecommunications and ICT;Telecommunications and ICT,hard;hard;hard;hard,procedural;procedural;procedural;procedural,4,different_documents,HIGH
29,دولتي خدمتي مرکزونه د کاروونکو لپاره بې سیمه شبکه څنګه برابروي؟,4,Q0407;Q0506;Q0567;Q0663,D407;D506;D567;D663,د دولتي خدماتو لپاره د بې سیمه شبکې کارول;د عامه خدماتو لپاره د بې سیمه شبکې د کارونې لارښود;د دولتي خدماتو لپاره د بې سیمه شبکې کارول لارښود;د کوچنیو سوداګرۍ لپاره د مالي مدیریت سافټویر لارښود,Government and Administration;Government and Administration;Government and Administration;Economy and Finance,medium;easy;medium;medium,direct_information;direct_information;direct_information;direct_information,4,different_documents,HIGH
30,دولتي معلومات د خلاصون لپاره کوم ډول معلومات باید په عامه توګه خپاره شي؟,4,Q0410;Q0508;Q0570;Q0666,D410;D508;D570;D666,د دولتي معلوماتو د خپرولو لپاره د خلاصو معلوماتو پالیسي;د دولتي معلوماتو د خپرولو لپاره د خلاصو معلوماتو پالیسي لارښود;د دولتي معلوماتو د خپرولو لپاره د خلاصو معلوماتو پالیسي لارښود;د مالي ټکنالوژۍ د شرکتونو لپاره د جواز د ترلاسه کولو لارښود,Government and Administration;Government and Administration;Government and Administration;Economy and Finance,hard;hard;hard;hard,requirement;requirement;requirement;requirement,4,different_documents,HIGH
31,سازمانونه د معلوماتي ټکنالوژۍ امنیتي پېښو لپاره د غبرګون پلان څنګه جوړوي؟,4,Q0419;Q0519;Q0579;Q0675,D419;D519;D579;D675,د معلوماتي ټکنالوژۍ د امنیتي پیښو د غبرګون پلان;د معلوماتي ټکنالوژۍ د امنیتي پیښو د غبرګون پلان لارښود;د معلوماتي ټکنالوژۍ د امنیتي پیښو د غبرګون پلان لارښود;د ساینسي معلوماتو د لیدلو لپاره د ډیټا ویزولیزیشن وسیلې لارښود,Law and Regulations;Law and Regulations;Law and Regulations;Science and Technology,hard;hard;hard;hard,procedural;procedural;procedural;procedural,4,different_documents,HIGH
32,سایبري جرمونه له پولو هاخوا د تعقیب لپاره کومه نړیواله همکاري اړینه ده؟,4,Q0416;Q0516;Q0576;Q0672,D416;D516;D576;D672,د سایبري جرمونو د نړیوالې همکارۍ لارښود;د سایبري جرمونو د نړیوالې همکارۍ لارښود;د سایبري جرمونو د نړیوالې همکارۍ لارښود;د کوانټم شبکو د څېړنې لپاره لومړني ګامونه لارښود,Law and Regulations;Law and Regulations;Law and Regulations;Science and Technology,hard;hard;hard;hard,requirement;requirement;requirement;requirement,4,different_documents,HIGH
33,مخابراتي شبکې د امنیتي زیانونو ارزونې لپاره کوم میتودونه کاروي؟,4,Q0425;Q0525;Q0585;Q0681,D425;D525;D585;D681,د مخابراتي شبکو د امنیتي زیانونو د ارزونې لارښود;د مخابراتي شبکو د امنیتي زیانونو د ارزونې لارښود;د مخابراتي شبکو د امنیتي زیانونو د ارزونې لارښود;د دولتي خدماتو د ښه کولو لپاره د کاروونکو د نظرونو د راټولولو سیستم لارښود,Telecommunications and ICT;Telecommunications and ICT;Telecommunications and ICT;Government and Administration,hard;hard;hard;hard,requirement;requirement;requirement;requirement,4,different_documents,HIGH
34,مخابراتي شرکتونه د پیرودونکو د معلوماتو ساتنې لپاره خپل کارکوونکي څنګه روزي؟,4,Q0428;Q0528;Q0588;Q0684,D428;D528;D588;D684,د مخابراتي شرکتونو لپاره د پیرودونکو د معلوماتو د ساتنې روزنه;د مخابراتي شرکتونو لپاره د پیرودونکو د معلوماتو د ساتنې روزنه لارښود;د مخابراتي شرکتونو لپاره د پیرودونکو د معلوماتو د ساتنې روزنه لارښود;د دولتي اسنادو د بیړني لاسرسي پروتوکول لارښود,Telecommunications and ICT;Telecommunications and ICT;Telecommunications and ICT;Government and Administration,medium;medium;medium;medium,procedural;procedural;procedural;procedural,4,different_documents,HIGH
35,مخابراتي شرکتونه په بیړنیو حالاتو کې کاروونکو ته څنګه خبر ورکوي؟,4,Q0430;Q0530;Q0590;Q0686,D430;D530;D590;D686,د مخابراتي خدماتو د بیړني حالت په مهال د کاروونکو د خبرتیا سیستم;د مخابراتي خدماتو د بیړني حالت په مهال د کاروونکو د خبرتیا سیستم لارښود;د مخابراتي خدماتو د بیړني حالت په مهال د کاروونکو د خبرتیا سیستم لارښود;د دولتي معلوماتو د خپرولو لپاره د خلاصو معلوماتو پالیسي لارښود,Telecommunications and ICT;Telecommunications and ICT;Telecommunications and ICT;Government and Administration,medium;medium;medium;medium,procedural;procedural;procedural;procedural,4,different_documents,HIGH
36,مصنوعي ځیرکتیا د مالي بازارونو د وړاندوینې لپاره څنګه کارول کېږي؟,4,Q0450;Q0500;Q0550;Q0650,D450;D500;D550;D650,د مصنوعي ځیرکتیا په مرسته د مالي وړاندوینې سیستم;د مصنوعي ځیرکتیا په مرسته د مالي وړاندوینې سیستم لارښود;د مصنوعي ځیرکتیا په مرسته د مالي وړاندوینې سیستم لارښود;د مخابراتي خدماتو د بیړني حالت په مهال د کاروونکو د خبرتیا سیستم لارښود,Economy and Finance;Economy and Finance;Economy and Finance;Telecommunications and ICT,medium;medium;medium;medium,direct_information;direct_information;direct_information;direct_information,4,different_documents,HIGH
37,هر سازمان د کارکوونکو لپاره د معلوماتي ټکنالوژۍ امنیتي روزنې کلنی پلان څنګه جوړوي؟,4,Q0412;Q0512;Q0572;Q0668,D412;D512;D572;D668,د معلوماتي ټکنالوژۍ د امنیتي روزنې لپاره د کلني پلان لارښود;د معلوماتي ټکنالوژۍ د امنیتي روزنې لپاره د کلني پلان لارښود;د معلوماتي ټکنالوژۍ د امنیتي روزنې لپاره د کلني پلان لارښود;د ډیجیټلي اقتصاد لپاره د مالي زده کړې د پروګرامونو پراختیا لارښود,Law and Regulations;Law and Regulations;Law and Regulations;Economy and Finance,hard;hard;hard;hard,procedural;procedural;procedural;procedural,4,different_documents,HIGH
38,په زده کړه کې د مصنوعي ځیرکتیا کارول باید کوم اخلاقي اصول تعقیب کړي؟,4,Q0431;Q0531;Q0591;Q0687,D431;D531;D591;D687,د زده کړې لپاره د مصنوعي ځیرکتیا د کارونې اخلاقي اصول;د زده کړې لپاره د مصنوعي ځیرکتیا د کارونې اخلاقي اصول لارښود;د زده کړې لپاره د مصنوعي ځیرکتیا د کارونې اخلاقي اصول لارښود;د برېښنايي اسنادو د ارشیف د قانوني اعتبار مقرره لارښود,Education;Education;Education;Law and Regulations,hard;hard;hard;hard,requirement;requirement;requirement;requirement,4,different_documents,HIGH
39,ډیجیټلي سوداګرۍ لپاره د تادیاتي دروازې انتخاب څنګه کېږي؟,4,Q0441;Q0541;Q0641;Q0697,D441;D541;D641;D697,د ډیجیټلي سوداګرۍ لپاره د تادیاتي دروازو د انتخاب لارښود;د ډیجیټلي سوداګرۍ لپاره د تادیاتي دروازو د انتخاب لارښود;د مخابراتي شبکو د پوښښ د نقشو د تازه کولو لارښود;د مخابراتي شبکو د پوښښ د نقشو د تازه کولو لارښود,Economy and Finance;Economy and Finance;Telecommunications and ICT;Telecommunications and ICT,medium;medium;medium;medium,procedural;procedural;procedural;procedural,4,different_documents,HIGH
40,کوچنۍ سوداګرۍ د مالي مدیریت لپاره کوم سافټویر کاروي؟,4,Q0443;Q0543;Q0643;Q0699,D443;D543;D643;D699,د کوچنیو سوداګرۍ لپاره د مالي مدیریت سافټویر لارښود;د کوچنیو سوداګرۍ لپاره د مالي مدیریت سافټویر لارښود;د مخابراتي خدماتو لپاره د انرژۍ د بیک اپ د ازموینې لارښود;د مخابراتي خدماتو لپاره د انرژۍ د بیک اپ د ازموینې لارښود,Economy and Finance;Economy and Finance;Telecommunications and ICT;Telecommunications and ICT,easy;easy;easy;easy,direct_information;direct_information;direct_information;direct_information,4,different_documents,HIGH
41,بایو انفارماتیک د څېړنې لپاره کوم پړاوونه لري؟,3,Q0170;Q0558;Q0658,D170;D558;D658,د بایو انفارماتیک د څېړنې لارښود;د بایو انفارماتیک د څېړنې لارښود;د زدهکوونکو لپاره د ډیجیټلي امنیت د روزنې مواد لارښود,Science and Technology;Science and Technology;Education,hard;hard;hard,procedural;procedural;procedural,3,different_documents,HIGH
42,برېښنايي سوداګرۍ کې د پیرودونکو د ساتلو لپاره کومه ستراتیژي شته؟,3,Q0804;Q0864;Q0999,D804;D864;D999,د برېښنايي سوداګرۍ لپاره د پیرودونکو د راګرځولو ستراتیژي;د برېښنايي سوداګرۍ لپاره د پیرودونکو د راګرځولو ستراتیژي لارښود;د برېښنايي سوداګرۍ لپاره د پیرودونکو د راګرځولو جامع ستراتیژي,Economy and Finance;Economy and Finance;Economy and Finance,medium;medium;medium,direct_information;direct_information;direct_information,3,different_documents,HIGH
43,برېښنايي سوداګرۍ کې پیرودونکي کوم حقونه لري؟,3,Q0447;Q0547;Q0647,D447;D547;D647,د برېښنايي سوداګرۍ لپاره د پیرودونکو د حقونو لارښود;د برېښنايي سوداګرۍ لپاره د پیرودونکو د حقونو لارښود;د انټرنیټي خدماتو د بې طرفۍ د څارنې لپاره تخنیکي وسیلې لارښود,Economy and Finance;Economy and Finance;Telecommunications and ICT,medium;medium;medium,direct_information;direct_information;direct_information,3,different_documents,HIGH
44,د آنلاین تدریس د کیفیت ارزونه څنګه کېږي؟,3,Q0798;Q0858;Q0993,D798;D858;D993,د ښوونکو لپاره د آنلاین تدریس د ارزونې لارښود;د ښوونکو لپاره د آنلاین تدریس د ارزونې لارښود;د ښوونکو لپاره د آنلاین تدریس د ارزونې جامع لارښود,Education;Education;Education,medium;medium;medium,procedural;procedural;procedural,3,different_documents,HIGH
45,د انټرنیټي خدماتو د بې طرفۍ د ساتنې لپاره کوم قانوني چوکاټ شتون لري؟,3,Q0783;Q0843;Q0978,D783;D843;D978,د انټرنیټي خدماتو د بې طرفۍ د ساتنې لپاره قانوني چوکاټ;د انټرنیټي خدماتو د بې طرفۍ د ساتنې لپاره قانوني چوکاټ لارښود;د انټرنیټي خدماتو د بې طرفۍ د ساتنې لپاره جامع قانوني چوکاټ,Telecommunications and ICT;Telecommunications and ICT;Telecommunications and ICT,hard;hard;hard,requirement;requirement;requirement,3,different_documents,HIGH
46,د برېښنايي اسنادو د جعل مخنیوي لپاره کوم تخنیکي لارې کارول کېږي؟,3,Q0233;Q0718;Q0918,D233;D718;D918,د برېښنايي اسنادو د جعل د مخنیوي تخنیکي لارې;د برېښنايي اسنادو د جعل د مخنیوي لپاره تخنیکي لارې لارښود;د برېښنايي اسنادو د جعل د مخنیوي لپاره د تخنیکي لارو جامع لارښود,Law and Regulations;Law and Regulations;Law and Regulations,hard;easy;easy,requirement;direct_information;direct_information,3,different_documents,HIGH
47,د زده کړې د معلوماتو د ساتنې لپاره قانوني اړتیاوې کوم دي؟,3,Q0797;Q0857;Q0992,D797;D857;D992,د زده کړې د معلوماتو د ساتنې لپاره قانوني اړتیاوې;د زده کړې د معلوماتو د ساتنې لپاره قانوني اړتیاوې لارښود;د زده کړې د معلوماتو د ساتنې لپاره د قانوني اړتیاوو جامع لارښود,Education;Education;Education,hard;hard;hard,requirement;requirement;requirement,3,different_documents,HIGH
48,د زده کړې لپاره د لوبو پر بنسټ زده کړې پلیټ فارم څنګه کار کوي؟,3,Q0799;Q0859;Q0994,D799;D859;D994,د زده کړې لپاره د لوبو پر بنسټ د زده کړې پلیټ فارم;د زده کړې لپاره د لوبو پر بنسټ د زده کړې پلیټ فارم لارښود;د زده کړې لپاره د لوبو پر بنسټ د زده کړې جامع پلیټ فارم لارښود,Education;Education;Education,easy;easy;easy,direct_information;direct_information;direct_information,3,different_documents,HIGH
49,د زده کړې لپاره ګرځنده اپلیکېشنونه څنګه کارول کېږي؟,3,Q0794;Q0854;Q0989,D794;D854;D989,د زده کړې لپاره د ګرځنده اپلیکېشنونو د کارونې لارښود;د زده کړې لپاره د ګرځنده اپلیکېشنونو د کارونې لارښود;د زده کړې لپاره د ګرځنده اپلیکېشنونو د کارونې جامع لارښود,Education;Education;Education,hard;hard;hard,procedural;procedural;procedural,3,different_documents,HIGH
50,د ساینسي معلوماتو د لیدلو لپاره کومې وسیلې کارول کېږي؟,3,Q0350;Q0555;Q0655,D350;D555;D655,د ساینسي معلوماتو د لیدلو لپاره د ډیټا ویزولیزیشن وسیلې;د ساینسي معلوماتو د لیدلو لپاره د ډیټا ویزولیزیشن وسیلې لارښود;د زدهکوونکو د ارزونې لپاره د ډیجیټلي پورټ فولیو د کارونې لارښود,Science and Technology;Science and Technology;Education,easy;easy;easy,direct_information;direct_information;direct_information,3,different_documents,HIGH
51,د مالیاتي خدماتو ډیجیټل کول د پیرودونکو باور څنګه ترلاسه کوي؟,3,Q0444;Q0544;Q0644,D444;D544;D644,د مالیاتي خدماتو د ډیجیټل کولو لپاره د پیرودونکو د باور جوړول;د مالیاتي خدماتو د ډیجیټل کولو لپاره د پیرودونکو د باور جوړول لارښود;د انټرنیټي خدماتو د کیفیت د شکایتونو د حل پروسه لارښود,Economy and Finance;Economy and Finance;Telecommunications and ICT,hard;hard;hard,procedural;procedural;procedural,3,different_documents,HIGH
52,د مخابراتي خدماتو د نرخونو تنظیم څنګه ترسره کېږي؟,3,Q0788;Q0848;Q0983,D788;D848;D983,د مخابراتي خدماتو د نرخونو د تنظیم لارښود;د مخابراتي خدماتو د نرخونو د تنظیم لارښود;د مخابراتي خدماتو د نرخونو د تنظیم جامع لارښود,Telecommunications and ICT;Telecommunications and ICT;Telecommunications and ICT,hard;hard;hard,procedural;procedural;procedural,3,different_documents,HIGH
53,د مخابراتي خدماتو کاروونکي شکایتونه څنګه حل کوي؟,3,Q0790;Q0850;Q0985,D790;D850;D985,د مخابراتي خدماتو د کاروونکو لپاره د شکایتونو د حل مرکز;د مخابراتي خدماتو د کاروونکو لپاره د شکایتونو د حل مرکز لارښود;د مخابراتي خدماتو د کاروونکو لپاره د شکایتونو د حل جامع مرکز,Telecommunications and ICT;Telecommunications and ICT;Telecommunications and ICT,easy;easy;easy,procedural;procedural;procedural,3,different_documents,HIGH
54,د مصنوعي ځیرکتیا په مرسته د ژباړې سیستم څنګه کار کوي؟,3,Q0200;Q0560;Q0660,D200;D560;D660,د مصنوعي ځیرکتیا په مرسته د ژباړې سیستم;د مصنوعي ځیرکتیا په مرسته د ژباړې سیستم لارښود;د زده کړې لپاره د معلوماتو د تحلیل د کارونې لارښود,Science and Technology;Science and Technology;Education,medium;easy;easy,direct_information;direct_information;direct_information,3,different_documents,HIGH
55,د معلوماتي ټکنالوژۍ امنیتي روزنې لپاره مجازی حقیقت څنګه کارول کېږي؟,3,Q0346;Q0551;Q0651,D346;D551;D651,د معلوماتي ټکنالوژۍ د امنیتي روزنې لپاره د مجازی حقیقت کارول;د معلوماتي ټکنالوژۍ د امنیتي روزنې لپاره د مجازی حقیقت کارول لارښود;د زده کړې لپاره د مصنوعي ځیرکتیا د کارونې اخلاقي اصول لارښود,Science and Technology;Science and Technology;Education,hard;hard;hard,direct_information;direct_information;direct_information,3,different_documents,HIGH
56,د معلوماتي ټکنالوژۍ پروژې د خطرونو مدیریت لپاره کوم ګامونه اخیستل کېږي؟,3,Q0349;Q0554;Q0654,D349;D554;D654,د معلوماتي ټکنالوژۍ د پروژو د خطرونو د مدیریت لارښود;د معلوماتي ټکنالوژۍ د پروژو د خطرونو د مدیریت لارښود;د زده کړې لپاره د خلاصو سرچینو د کارونې لارښود,Science and Technology;Science and Technology;Education,hard;hard;hard,procedural;procedural;procedural,3,different_documents,HIGH
57,د پنځم نسل شبکې د روغتیايي اغېزو ارزونه څنګه ترسره کېږي؟,3,Q0786;Q0846;Q0981,D786;D846;D981,د پنځم نسل شبکې د روغتیايي اغېزو د ارزونې لارښود;د پنځم نسل شبکې د روغتیايي اغېزو د ارزونې لارښود;د پنځم نسل شبکې د روغتیايي اغېزو د ارزونې جامع لارښود,Telecommunications and ICT;Telecommunications and ICT;Telecommunications and ICT,hard;hard;hard,procedural;procedural;procedural,3,different_documents,HIGH
58,د ډیجیټلي اقتصاد لپاره د مالي زده کړې پروګرامونه څنګه ډیزاین کېږي؟,3,Q0448;Q0548;Q0648,D448;D548;D648,د ډیجیټلي اقتصاد لپاره د مالي زده کړې د پروګرامونو پراختیا;د ډیجیټلي اقتصاد لپاره د مالي زده کړې د پروګرامونو پراختیا لارښود;د مخابراتي شرکتونو لپاره د پیرودونکو د معلوماتو د ساتنې روزنه لارښود,Economy and Finance;Economy and Finance;Telecommunications and ICT,hard;hard;hard,procedural;procedural;procedural,3,different_documents,HIGH
59,د ډیجیټلي پیسو د لېږد امنیت لپاره کوم پروتوکول کارول کېږي؟,3,Q0805;Q0865;Q1000,D805;D865;D1000,د ډیجیټلي پیسو د لېږد لپاره د امنیتي پروتوکول لارښود;د ډیجیټلي پیسو د لېږد لپاره د امنیتي پروتوکول لارښود;د ډیجیټلي پیسو د لېږد لپاره د امنیتي پروتوکول جامع لارښود,Economy and Finance;Economy and Finance;Economy and Finance,hard;hard;hard,requirement;requirement;requirement,3,different_documents,HIGH
60,د ډیجیټلي پیسو کاروونکي د مالیې راپور څنګه ورکوي؟,3,Q0445;Q0545;Q0645,D445;D545;D645,د ډیجیټلي پیسو د کارونې لپاره د مالیې د راپور ورکولو لارښود;د ډیجیټلي پیسو د کارونې لپاره د مالیې د راپور ورکولو لارښود;د مخابراتي شبکو د امنیتي زیانونو د ارزونې لارښود,Economy and Finance;Economy and Finance;Telecommunications and ICT,medium;medium;medium,procedural;procedural;procedural,3,different_documents,HIGH
61,د ښوونځیو لپاره د انټرنیټي خوندیتوب روزنه څنګه ترسره کېږي؟,3,Q0796;Q0856;Q0991,D796;D856;D991,د ښوونځیو لپاره د انټرنیټي خوندیتوب د روزنې پروګرام;د ښوونځیو لپاره د انټرنیټي خوندیتوب د روزنې پروګرام لارښود;د ښوونځیو لپاره د انټرنیټي خوندیتوب د روزنې جامع پروګرام,Education;Education;Education,medium;medium;medium,direct_information;direct_information;direct_information,3,different_documents,HIGH
62,د ښوونځیو لپاره د ډیجیټلي نصاب د پراختیا لپاره کوم لارښود شتون لري؟,3,Q0791;Q0851;Q0986,D791;D851;D986,د ښوونځیو لپاره د ډیجیټلي نصاب د پراختیا لارښود;د ښوونځیو لپاره د ډیجیټلي نصاب د پراختیا لارښود;د ښوونځیو لپاره د ډیجیټلي نصاب د پراختیا جامع لارښود,Education;Education;Education,medium;medium;medium,direct_information;direct_information;direct_information,3,different_documents,HIGH
63,د کوانټم شبکو د څېړنې لپاره کوم اساسي مفاهیم اړین دي؟,3,Q0347;Q0552;Q0652,D347;D552;D652,د کوانټم شبکو د څېړنې لپاره لومړني ګامونه;د کوانټم شبکو د څېړنې لپاره لومړني ګامونه لارښود;د زدهکوونکو لپاره د ډیجیټلي سواد د لوړولو پروګرام لارښود,Science and Technology;Science and Technology;Education,medium;medium;medium,direct_information;direct_information;direct_information,3,different_documents,HIGH
64,د ګرځنده پیسو کاروونکو ته د مالي زده کړې لپاره کوم اپلیکېشن جوړ شوی؟,3,Q0802;Q0862;Q0997,D802;D862;D997,د ګرځنده پیسو د کاروونکو لپاره د مالي زده کړې اپلیکېشن;د ګرځنده پیسو د کاروونکو لپاره د مالي زده کړې اپلیکېشن لارښود;د ګرځنده پیسو د کاروونکو لپاره د مالي زده کړې جامع اپلیکېشن لارښود,Economy and Finance;Economy and Finance;Economy and Finance,easy;easy;easy,direct_information;direct_information;direct_information,3,different_documents,HIGH
65,دولتي خدمات د ارزونې لپاره کوم شاخصونه کاروي؟,3,Q0409;Q0569;Q0665,D409;D569;D665,د دولتي خدماتو د ارزونې لپاره د معیارونو چوکاټ;د دولتي خدماتو د ارزونې لپاره د معیارونو چوکاټ لارښود;د ډیجیټلي پیسو د کارونې لپاره د مالیې د راپور ورکولو لارښود,Government and Administration;Government and Administration;Economy and Finance,medium;medium;medium,requirement;requirement;requirement,3,different_documents,HIGH
66,زدهکوونکي د آنلاین ارزونې لپاره کوم پلیټ فارم کاروي؟,3,Q0792;Q0852;Q0987,D792;D852;D987,د زدهکوونکو لپاره د آنلاین ارزونې پلیټ فارم لارښود;د زدهکوونکو لپاره د آنلاین ارزونې پلیټ فارم لارښود;د زدهکوونکو لپاره د آنلاین ارزونې پلیټ فارم جامع لارښود,Education;Education;Education,easy;easy;easy,direct_information;direct_information;direct_information,3,different_documents,HIGH
67,زدهکوونکي د ډیجیټلي پورټ فولیو د جوړولو لپاره کوم لارښود لري؟,3,Q0795;Q0855;Q0990,D795;D855;D990,د زدهکوونکو د ډیجیټلي پورټ فولیو د جوړولو لارښود;د زدهکوونکو د ډیجیټلي پورټ فولیو د جوړولو لارښود;د زدهکوونکو د ډیجیټلي پورټ فولیو د جوړولو جامع لارښود,Education;Education;Education,easy;easy;easy,procedural;procedural;procedural,3,different_documents,HIGH
68,مالي ټکنالوژي شرکتونه د جواز ترلاسه کولو لپاره کوم ګامونه اخلي؟,3,Q0446;Q0546;Q0646,D446;D546;D646,د مالي ټکنالوژۍ د شرکتونو لپاره د جواز د ترلاسه کولو لارښود;د مالي ټکنالوژۍ د شرکتونو لپاره د جواز د ترلاسه کولو لارښود;د ګرځنده مخابراتو د بیړنیو زنګونو د لومړیتوب سیستم لارښود,Economy and Finance;Economy and Finance;Telecommunications and ICT,easy;easy;easy,procedural;procedural;procedural,3,different_documents,HIGH
69,مخابراتي تجهیزات د ازموینې او تصدیق لپاره کوم لابراتوار ته ځي؟,3,Q0784;Q0844;Q0979,D784;D844;D979,د مخابراتي شبکو د ازموینې او تصدیق لپاره لابراتوار;د مخابراتي شبکو د ازموینې او تصدیق لپاره لابراتوار لارښود;د مخابراتي شبکو د ازموینې او تصدیق لپاره جامع لابراتوار لارښود,Telecommunications and ICT;Telecommunications and ICT;Telecommunications and ICT,easy;easy;easy,direct_information;direct_information;direct_information,3,different_documents,HIGH
70,مخابراتي شبکو د پراختیا لپاره مالي تمویل څنګه ترلاسه کېږي؟,3,Q0789;Q0849;Q0984,D789;D849;D984,د مخابراتي شبکو د پراختیا لپاره د مالي تمویل لارښود;د مخابراتي شبکو د پراختیا لپاره د مالي تمویل لارښود;د مخابراتي شبکو د پراختیا لپاره د مالي تمویل جامع لارښود,Telecommunications and ICT;Telecommunications and ICT;Telecommunications and ICT,medium;medium;medium,direct_information;direct_information;direct_information,3,different_documents,HIGH
71,مخابراتي شبکې د ساتنې لپاره مصنوعي ځیرکتیا څنګه کارول کېږي؟,3,Q0787;Q0847;Q0982,D787;D847;D982,د مخابراتي شبکو د ساتنې لپاره د مصنوعي ځیرکتیا کارول;د مخابراتي شبکو د ساتنې لپاره د مصنوعي ځیرکتیا کارول لارښود;د مخابراتي شبکو د ساتنې لپاره د مصنوعي ځیرکتیا کارول جامع لارښود,Telecommunications and ICT;Telecommunications and ICT;Telecommunications and ICT,medium;medium;medium,direct_information;direct_information;direct_information,3,different_documents,HIGH
72,مخابراتي شبکې د سایبري بریدونو په وړاندې څنګه مقاوم کېږي؟,3,Q0295;Q0724;Q0924,D295;D724;D924,د مخابراتي شبکو د سایبري امنیت د پیاوړتیا لارښود;د مخابراتي شبکو د امنیت د پیاوړتیا لپاره هر اړخیز لارښود;د مخابراتي شبکو د امنیت د پیاوړتیا لپاره هر اړخیز جامع لارښود,Telecommunications and ICT;Telecommunications and ICT;Telecommunications and ICT,hard;hard;hard,procedural;procedural;procedural,3,different_documents,HIGH
73,مخابراتي شرکتونه د زیربناوو شریکولو لپاره کوم تړون لاسلیک کوي؟,3,Q0781;Q0841;Q0976,D781;D841;D976,د مخابراتي شبکو د پراختیا لپاره د زیربناوو د شریکولو تړون;د مخابراتي شبکو د پراختیا لپاره د زیربناوو د شریکولو تړون لارښود;د مخابراتي شبکو د پراختیا لپاره د زیربناوو د شریکولو جامع تړون,Telecommunications and ICT;Telecommunications and ICT;Telecommunications and ICT,easy;easy;easy,direct_information;direct_information;direct_information,3,different_documents,HIGH
74,مخابراتي شرکتونه د پوښښ نقشې تازه کولو لپاره کوم مهالوېش لري؟,3,Q0521;Q0581;Q0677,D521;D581;D677,د مخابراتي شبکو د پوښښ د نقشو د تازه کولو لارښود;د مخابراتي شبکو د پوښښ د نقشو د تازه کولو لارښود;د ځیرک کرنې لپاره د ټکنالوژۍ کارونه لارښود,Telecommunications and ICT;Telecommunications and ICT;Science and Technology,medium;medium;medium,direct_information;direct_information;direct_information,3,different_documents,HIGH
75,مخابراتي شرکتونه د کاروونکو شخصي معلومات د ساتنې لپاره کوم لارښود لري؟,3,Q0785;Q0845;Q0980,D785;D845;D980,د مخابراتي خدماتو د کاروونکو لپاره د معلوماتو د ساتنې لارښود;د مخابراتي خدماتو د کاروونکو لپاره د معلوماتو د ساتنې لارښود;د مخابراتي خدماتو د کاروونکو لپاره د معلوماتو د ساتنې جامع لارښود,Telecommunications and ICT;Telecommunications and ICT;Telecommunications and ICT,medium;medium;medium,requirement;requirement;requirement,3,different_documents,HIGH
76,مصنوعي ځیرکتیا د روغتیا په تشخیص کې څنګه مرسته کوي؟,3,Q0240;Q0556;Q0656,D240;D556;D656,د مصنوعي ځیرکتیا په مرسته د روغتیا تشخیص;د مصنوعي ځیرکتیا په مرسته د روغتیا تشخیص لارښود;د ښوونځیو لپاره د ډیجیټلي زده کړې د محتوا د تازه کولو لارښود,Science and Technology;Science and Technology;Education,medium;medium;medium,direct_information;direct_information;direct_information,3,different_documents,HIGH
77,مصنوعي ځیرکتیا د ښاري ترافیک مدیریت لپاره څنګه کارول کېږي؟,3,Q0348;Q0553;Q0653,D348;D553;D653,د مصنوعي ځیرکتیا په مرسته د ترافیک مدیریت;د مصنوعي ځیرکتیا په مرسته د ترافیک مدیریت لارښود;د ښوونکو لپاره د آنلاین تدریس د مهارتونو روزنه لارښود,Science and Technology;Science and Technology;Education,medium;medium;medium,direct_information;direct_information;direct_information,3,different_documents,HIGH
78,په بیړنیو حالاتو کې اړوندو چارواکو ته د مهمو دولتي اسنادو لاسرسی څنګه ورکول کېږي؟,3,Q0408;Q0568;Q0664,D408;D568;D664,د دولتي اسنادو د بیړني لاسرسي پروتوکول;د دولتي اسنادو د بیړني لاسرسي پروتوکول لارښود;د مالیاتي خدماتو د ډیجیټل کولو لپاره د پیرودونکو د باور جوړول لارښود,Government and Administration;Government and Administration;Economy and Finance,hard;hard;hard,procedural;procedural;procedural,3,different_documents,HIGH
79,په لرې پرتو سیمو کې د سپوږمکۍ له لارې مخابراتي خدمتونه څنګه وړاندې کېږي؟,3,Q0782;Q0842;Q0977,D782;D842;D977,د مخابراتي خدماتو لپاره د سپوږمکۍ د کارونې لارښود;د مخابراتي خدماتو لپاره د سپوږمکۍ د کارونې لارښود;د مخابراتي خدماتو لپاره د سپوږمکۍ د کارونې جامع لارښود,Telecommunications and ICT;Telecommunications and ICT;Telecommunications and ICT,medium;medium;medium,procedural;procedural;procedural,3,different_documents,HIGH
80,ښوونکي خپل ډیجیټلي محتوا د جوړولو او شریکولو لپاره کوم لارښود لري؟,3,Q0800;Q0860;Q0995,D800;D860;D995,د ښوونځیو لپاره د ډیجیټلي محتوا د جوړولو او شریکولو لارښود;د ښوونځیو لپاره د ډیجیټلي محتوا د جوړولو او شریکولو لارښود;د ښوونځیو لپاره د ډیجیټلي محتوا د جوړولو او شریکولو جامع لارښود,Education;Education;Education,hard;hard;hard,procedural;procedural;procedural,3,different_documents,HIGH
81,ښوونکي د ډیجیټلي تدریسي سرچینو د جوړولو لپاره کوم ورکشاپ لري؟,3,Q0793;Q0853;Q0988,D793;D853;D988,د ښوونکو لپاره د ډیجیټلي تدریس د سرچینو د جوړولو ورکشاپ;د ښوونکو لپاره د ډیجیټلي تدریس د سرچینو د جوړولو ورکشاپ لارښود;د ښوونکو لپاره د ډیجیټلي تدریس د سرچینو د جوړولو جامع ورکشاپ,Education;Education;Education,medium;medium;medium,direct_information;direct_information;direct_information,3,different_documents,HIGH
82,کوچنۍ سوداګرۍ آنلاین پلور لپاره کوم پلیټ فارم کارولی شي؟,3,Q0803;Q0863;Q0998,D803;D863;D998,د کوچنیو سوداګرۍ لپاره د آنلاین پلور پلیټ فارم لارښود;د کوچنیو سوداګرۍ لپاره د آنلاین پلور پلیټ فارم لارښود;د کوچنیو سوداګرۍ لپاره د آنلاین پلور جامع پلیټ فارم لارښود,Economy and Finance;Economy and Finance;Economy and Finance,medium;medium;medium,direct_information;direct_information;direct_information,3,different_documents,HIGH
83,آنلاین خدمتونه باید د کاروونکو لپاره کوم شرایط او مقررات ولري؟,2,Q0317;Q0467,D317;D467,د آنلاین خدماتو لپاره د کاروونکو د شرایطو او مقرراتو لارښود;د آنلاین خدماتو لپاره د کاروونکو د شرایطو او مقرراتو لارښود,Law and Regulations;Law and Regulations,medium;medium,requirement;requirement,2,duplicate_or_near_duplicate_documents,MEDIUM
84,برېښنايي اسناد آنلاین تصدیق کولو لپاره کوم سیستم کارول کېږي؟,2,Q0837;Q0897,D837;D897,د برېښنايي اسنادو د تصدیق لپاره د آنلاین سیستم لارښود;د برېښنايي اسنادو د تصدیق لپاره د آنلاین سیستم لارښود,Law and Regulations;Law and Regulations,medium;medium,procedural;procedural,2,different_documents,HIGH
85,برېښنايي اسناد د آنلاین تصدیق لپاره کوم سیستم کارول کېږي؟,2,Q0774;Q0970,D774;D970,د برېښنايي اسنادو د تصدیق لپاره د آنلاین سیستم لارښود;د برېښنايي اسنادو د تصدیق لپاره د آنلاین جامع سیستم لارښود,Law and Regulations;Law and Regulations,medium;medium,procedural;procedural,2,different_documents,HIGH
86,برېښنايي اسناد په کلاوډ کې د ذخیره کولو لپاره کوم امنیتي لارښود شتون لري؟,2,Q0771;Q0967,D771;D967,د برېښنايي اسنادو د ساتنې لپاره د کلاوډ ذخیره کولو امنیتي لارښود;د برېښنايي اسنادو د ساتنې لپاره د کلاوډ ذخیره کولو امنیتي جامع لارښود,Law and Regulations;Law and Regulations,hard;hard,requirement;requirement,2,duplicate_or_near_duplicate_documents,MEDIUM
87,برېښنايي اسنادو ته د کاغذي اسنادو په څېر قانوني اعتبار ورکولو لپاره کوم چوکاټ شتون لري؟,2,Q0711;Q0911,D711;D911,د برېښنايي اسنادو د ساتنې لپاره د قانوني چوکاټ لارښود;د برېښنايي اسنادو د ساتنې لپاره د قانوني چوکاټ جامع لارښود,Law and Regulations;Law and Regulations,medium;medium,direct_information;direct_information,2,duplicate_or_near_duplicate_documents,MEDIUM
88,برېښنايي رسنۍ د خپلې منځپانګې د څارنې لپاره کوم میکانیزم لري؟,2,Q0312;Q0462,D312;D462,د برېښنايي رسنیو د منځپانګې د څارنې مقرره;د برېښنايي رسنیو د منځپانګې د څارنې مقرره لارښود,Law and Regulations;Law and Regulations,hard;hard,requirement;requirement,2,duplicate_or_near_duplicate_documents,MEDIUM
89,برېښنايي سوداګرۍ د نړیوالو تادیاتو مدیریت لپاره کوم لارښود لري؟,2,Q0747;Q0947,D747;D947,د برېښنايي سوداګرۍ لپاره د نړیوالو تادیاتو د مدیریت لارښود;د برېښنايي سوداګرۍ لپاره د نړیوالو تادیاتو د مدیریت جامع لارښود,Economy and Finance;Economy and Finance,hard;hard,direct_information;direct_information,2,duplicate_or_near_duplicate_documents,MEDIUM
90,برېښنايي سوداګرۍ لپاره د بازار موندنې کوم ډیجیټلي وسایل کارول کېږي؟,2,Q0810;Q0870,D810;D870,د برېښنايي سوداګرۍ لپاره د بازار موندنې ډیجیټلي وسیلې;د برېښنايي سوداګرۍ لپاره د بازار موندنې ډیجیټلي وسیلې لارښود,Economy and Finance;Economy and Finance,medium;medium,direct_information;direct_information,2,duplicate_or_near_duplicate_documents,MEDIUM
91,برېښنايي سوداګرۍ مالیه څنګه ورکوي؟,2,Q0807;Q0867,D807;D867,د برېښنايي سوداګرۍ لپاره د مالیې د تادیې لارښود;د برېښنايي سوداګرۍ لپاره د مالیې د تادیې لارښود,Economy and Finance;Economy and Finance,easy;easy,procedural;procedural,2,duplicate_or_near_duplicate_documents,MEDIUM
92,برېښنايي سوداګرۍ نړیوال تادیات څنګه مني؟,2,Q0344;Q0497,D344;D497,د برېښنايي سوداګرۍ لپاره د نړیوالو تادیاتو لارښود;د برېښنايي سوداګرۍ لپاره د نړیوالو تادیاتو لارښود,Economy and Finance;Economy and Finance,medium;medium,procedural;procedural,2,duplicate_or_near_duplicate_documents,MEDIUM
93,برېښنايي معاملو د شخړو د حل لپاره منځګړیتوب څنګه ترسره کېږي؟,2,Q0720;Q0920,D720;D920,د برېښنايي معاملو د شخړو د حل لپاره د منځګړیتوب لارښود;د برېښنايي معاملو د شخړو د حل لپاره د منځګړیتوب جامع لارښود,Law and Regulations;Law and Regulations,hard;hard,procedural;procedural,2,duplicate_or_near_duplicate_documents,MEDIUM
94,برېښنايي معاملې د امنیت لپاره د خطرونو مدیریت څنګه ترسره کېږي؟,2,Q0714;Q0914,D714;D914,د برېښنايي معاملو د امنیت لپاره د خطرونو مدیریت لارښود;د برېښنايي معاملو د امنیت لپاره د خطرونو مدیریت جامع لارښود,Law and Regulations;Law and Regulations,hard;hard,procedural;procedural,2,duplicate_or_near_duplicate_documents,MEDIUM
95,برېښنايي معاملې د قانوني اسنادو د ساتلو لپاره کوم مقرره لري؟,2,Q0834;Q0894,D834;D894,د برېښنايي معاملو لپاره د قانوني اسنادو د ساتنې لارښود;د برېښنايي معاملو لپاره د قانوني اسنادو د ساتنې لارښود,Law and Regulations;Law and Regulations,easy;easy,direct_information;direct_information,2,different_documents,HIGH
96,برېښنايي معاملې قانوني اسناد د ساتلو لپاره کوم مقرره لري؟,2,Q0776;Q0972,D776;D972,د برېښنايي معاملو د قانوني اسنادو د ساتنې مقرره;د برېښنايي معاملو د قانوني اسنادو د ساتنې جامع مقرره,Law and Regulations;Law and Regulations,easy;easy,direct_information;direct_information,2,different_documents,HIGH
97,بلاکچین د معلوماتو د امنیت لپاره څه ګټه لري؟,2,Q0814;Q0874,D814;D874,د معلوماتو د ساتنې لپاره د بلاکچین ټکنالوژي;د معلوماتو د ساتنې لپاره د بلاکچین ټکنالوژي لارښود,Science and Technology;Science and Technology,medium;medium,direct_information;direct_information,2,duplicate_or_near_duplicate_documents,MEDIUM
98,تنظیمي اداره د انټرنیټي خدماتو د بې طرفۍ د څارنې راپور څنګه خپروي؟,2,Q0329;Q0479,D329;D479,د انټرنیټي خدماتو د بې طرفۍ د پلي کولو لپاره د څارنې راپور;د انټرنیټي خدماتو د بې طرفۍ د پلي کولو لپاره د څارنې راپور لارښود,Telecommunications and ICT;Telecommunications and ICT,medium;medium,direct_information;direct_information,2,duplicate_or_near_duplicate_documents,MEDIUM
99,د آنلاین زده کړې کیفیت تضمین لپاره کوم لارښود شتون لري؟,2,Q0732;Q0932,D732;D932,د آنلاین زده کړې د کیفیت د تضمین لارښود;د آنلاین زده کړې د کیفیت د تضمین جامع لارښود,Education;Education,hard;hard,direct_information;direct_information,2,duplicate_or_near_duplicate_documents,MEDIUM
100,د انټرنیټي خدماتو چمتو کوونکي د ډیټا د کارونې عادلانه مدیریت څنګه کوي؟,2,Q0325;Q0475,D325;D475,د انټرنیټي خدماتو لپاره د ډیټا د کارونې د عادلانه مدیریت لارښود;د انټرنیټي خدماتو لپاره د ډیټا د کارونې د عادلانه مدیریت لارښود,Telecommunications and ICT;Telecommunications and ICT,hard;hard,requirement;requirement,2,duplicate_or_near_duplicate_documents,MEDIUM
101,د برېښنايي اسنادو تصدیق لپاره کوم مهالوېش ټاکل شوی؟,2,Q0319;Q0469,D319;D469,د برېښنايي اسنادو د تصدیق لپاره د مهالوېش لارښود;د برېښنايي اسنادو د تصدیق لپاره د مهالوېش لارښود,Law and Regulations;Law and Regulations,easy;easy,direct_information;direct_information,2,duplicate_or_near_duplicate_documents,MEDIUM
102,د برېښنايي اسنادو د ساتنې لپاره بیک اپ او بیا رغونې مقرره څه ده؟,2,Q0831;Q0891,D831;D891,د برېښنايي اسنادو د ساتنې لپاره د بیک اپ او بیا رغونې مقرره;د برېښنايي اسنادو د ساتنې لپاره د بیک اپ او بیا رغونې مقرره لارښود,Law and Regulations;Law and Regulations,easy;easy,direct_information;direct_information,2,different_documents,HIGH
103,د برېښنايي اسنادو د لېږد لپاره خوندي پروتوکول کوم عناصر لري؟,2,Q0716;Q0916,D716;D916,د برېښنايي اسنادو د لېږد لپاره د امنیتي پروتوکول لارښود;د برېښنايي اسنادو د لېږد لپاره د امنیتي پروتوکول جامع لارښود,Law and Regulations;Law and Regulations,hard;hard,requirement;requirement,2,duplicate_or_near_duplicate_documents,MEDIUM
104,د برېښنايي تادیاتو امنیت لپاره کوم هر اړخیز لارښود شتون لري؟,2,Q0742;Q0942,D742;D942,د برېښنايي تادیاتو د امنیت لپاره هر اړخیز لارښود;د برېښنايي تادیاتو د امنیت لپاره هر اړخیز جامع لارښود,Economy and Finance;Economy and Finance,hard;hard,direct_information;direct_information,2,duplicate_or_near_duplicate_documents,MEDIUM
105,د برېښنايي تادیاتو لپاره کوم امنیتي معیارونه شتون لري؟,2,Q0339;Q0492,D339;D492,د برېښنايي تادیاتو د امنیتي معیارونو لارښود;د برېښنايي تادیاتو د امنیتي معیارونو لارښود,Economy and Finance;Economy and Finance,easy;easy,direct_information;direct_information,2,duplicate_or_near_duplicate_documents,MEDIUM
106,د برېښنايي حکومتوالۍ ملي ستراتیژي په کومو پړاوونو کې پلې کېږي؟,2,Q0702;Q0902,D702;D902,د برېښنايي حکومتوالۍ د پلي کولو ملي ستراتیژي;د عامه خدماتو د شکایتونو د مدیریت جامع سیستم,Government and Administration;Government and Administration,medium;medium,direct_information;direct_information,2,different_documents,HIGH
107,د برېښنايي پیسو کاروونکو د ساتنې لپاره کوم مقرره شتون لري؟,2,Q0311;Q0461,D311;D461,د برېښنايي پیسو د کارونې لپاره د مصرفوونکي د ساتنې مقرره;د برېښنايي پیسو د کارونې لپاره د مصرفوونکي د ساتنې مقرره لارښود,Law and Regulations;Law and Regulations,easy;easy,direct_information;direct_information,2,duplicate_or_near_duplicate_documents,MEDIUM
108,د دولتي اسنادو د ډیجیټل کولو پر مهال د کیفیت کنټرول لپاره کوم معیارونه دي؟,2,Q0710;Q0910,D710;D910,د دولتي اسنادو د ډیجیټل کولو لپاره د کیفیت کنټرول لارښود;د دولتي خدماتو لپاره د برېښنايي تادیاتو د منلو جامع سیستم,Government and Administration;Government and Administration,hard;hard,requirement;requirement,2,different_documents,HIGH
109,د دولتي خدماتو د برېښنايي کولو لپاره د پروژې مدیریت کوم ګامونه لري؟,2,Q0705;Q0905,D705;D905,د دولتي خدماتو د برېښنايي کولو لپاره د پروژې د مدیریت لارښود;د دولتي معلوماتو د امنیت د پیښو د مدیریت جامع لارښود,Government and Administration;Government and Administration,hard;hard,procedural;procedural,2,different_documents,HIGH
110,د دولتي خدماتو د لاسرسي څارنه او ارزونه څنګه کېږي؟,2,Q0826;Q0885,D826;D885,د دولتي خدماتو لپاره د لاسرسي د څارنې او ارزونې سیستم;د دولتي خدماتو لپاره د لاسرسي د څارنې او ارزونې سیستم لارښود,Government and Administration;Government and Administration,hard;hard,procedural;procedural,2,duplicate_or_near_duplicate_documents,MEDIUM
111,د دولتي خدماتو د کاروونکو نظرونه څنګه تحلیلېږي؟,2,Q0829;Q0888,D829;D888,د دولتي خدماتو لپاره د کاروونکو د نظرونو د تحلیل سیستم;د دولتي خدماتو لپاره د کاروونکو د نظرونو د تحلیل سیستم لارښود,Government and Administration;Government and Administration,medium;medium,procedural;procedural,2,duplicate_or_near_duplicate_documents,MEDIUM
112,د دولتي خدماتو د کیفیت تضمین لپاره کوم سیستم کارول کېږي؟,2,Q0707;Q0907,D707;D907,د دولتي خدماتو د کیفیت د تضمین جامع سیستم;د دولتي ادارو لپاره د معلوماتو د ساتنې جامع پالیسي,Government and Administration;Government and Administration,easy;easy,direct_information;direct_information,2,different_documents,HIGH
113,د دولتي معلوماتو امنیتي پېښې د مدیریت لپاره کوم لارښود شتون لري؟,2,Q0706;Q0906,D706;D906,د دولتي معلوماتو د امنیت د پیښو د مدیریت لارښود;د دولتي خدماتو د کیفیت د تضمین جامع سیستم,Government and Administration;Government and Administration,medium;medium,direct_information;direct_information,2,different_documents,HIGH
114,د زده کړې د مدیریت سیستمونه د معلوماتو خوندیتوب لپاره کوم معیارونه لري؟,2,Q0334;Q0484,D334;D484,د زده کړې د مدیریت سیستمونو لپاره د معلوماتو د خوندیتوب معیارونه;د زده کړې د مدیریت سیستمونو لپاره د معلوماتو د خوندیتوب معیارونه لارښود,Education;Education,hard;hard,requirement;requirement,2,duplicate_or_near_duplicate_documents,MEDIUM
115,د زده کړې د معلوماتو تحلیل لپاره کوم هر اړخیز لارښود شتون لري؟,2,Q0739;Q0939,D739;D939,د زده کړې لپاره د معلوماتو د تحلیل هر اړخیز لارښود;د زده کړې لپاره د معلوماتو د تحلیل هر اړخیز جامع لارښود,Education;Education,medium;medium,direct_information;direct_information,2,duplicate_or_near_duplicate_documents,MEDIUM
116,د زده کړې لپاره د مجازی واقعیت کارولو لپاره کوم هر اړخیز لارښود شتون لري؟,2,Q0740;Q0940,D740;D940,د زده کړې لپاره د مجازی واقعیت د کارونې هر اړخیز لارښود;د زده کړې لپاره د مجازی واقعیت د کارونې هر اړخیز جامع لارښود,Education;Education,hard;hard,direct_information;direct_information,2,duplicate_or_near_duplicate_documents,MEDIUM
117,د زده کړې په برخه کې د لوبو پر بنسټ ارزونه څنګه ترسره کېږي؟,2,Q0331;Q0481,D331;D481,د زده کړې لپاره د ډیجیټلي لوبو پر بنسټ ارزونه;د زده کړې لپاره د ډیجیټلي لوبو پر بنسټ ارزونه لارښود,Education;Education,easy;easy,procedural;procedural,2,duplicate_or_near_duplicate_documents,MEDIUM
118,د زده کړې په برخه کې د مصنوعي ځیرکتیا کارول څنګه کېدای شي؟,2,Q0337;Q0487,D337;D487,د زده کړې په برخه کې د مصنوعي ځیرکتیا د کارونې لارښود;د زده کړې په برخه کې د مصنوعي ځیرکتیا د کارونې لارښود,Education;Education,hard;hard,direct_information;direct_information,2,duplicate_or_near_duplicate_documents,MEDIUM
119,د زده کړې ډیجیټل کولو لپاره کومه هر اړخیزه ستراتیژي شتون لري؟,2,Q0731;Q0931,D731;D931,د زده کړې د ډیجیټل کولو لپاره هر اړخیز ستراتیژي;د زده کړې د ډیجیټل کولو لپاره هر اړخیزه ستراتیژي,Education;Education,medium;medium,direct_information;direct_information,2,duplicate_or_near_duplicate_documents,MEDIUM
120,د زدهکوونکو د ارزونې لپاره ډیجیټلي سیستمونه کوم ډولونه لري؟,2,Q0734;Q0934,D734;D934,د زدهکوونکو د ارزونې لپاره د ډیجیټلي سیستمونو لارښود;د زدهکوونکو د ارزونې لپاره د ډیجیټلي سیستمونو جامع لارښود,Education;Education,easy;easy,direct_information;direct_information,2,duplicate_or_near_duplicate_documents,MEDIUM
121,د زدهکوونکو د ډیجیټلي مهارتونو پراختیا لپاره کوم پروګرام شتون لري؟,2,Q0737;Q0937,D737;D937,د زدهکوونکو د ډیجیټلي مهارتونو د پراختیا لپاره هر اړخیز پروګرام;د زدهکوونکو د ډیجیټلي مهارتونو د پراختیا لپاره هر اړخیز پروګرام,Education;Education,medium;medium,direct_information;direct_information,2,duplicate_or_near_duplicate_documents,MEDIUM
122,د سایبري امنیت د عامه پوهاوي کمپاین څنګه پلان کېږي؟,2,Q0719;Q0919,D719;D919,د سایبري امنیت د عامه پوهاوي د کمپاین لارښود;د سایبري امنیت د عامه پوهاوي د کمپاین جامع لارښود,Law and Regulations;Law and Regulations,medium;medium,procedural;procedural,2,duplicate_or_near_duplicate_documents,MEDIUM
123,د سایبري جرمونو د څېړنې او تعقیب لپاره کوم ګامونه اخیستل کېږي؟,2,Q0713;Q0913,D713;D913,د سایبري جرمونو د څېړنې او تعقیب لارښود;د سایبري جرمونو د څېړنې او تعقیب جامع لارښود,Law and Regulations;Law and Regulations,medium;medium,procedural;procedural,2,duplicate_or_near_duplicate_documents,MEDIUM
124,د سایبري جرمونو قربانیان د حقوقي مرستې لپاره څه کولی شي؟,2,Q0314;Q0464,D314;D464,د سایبري جرمونو د قربانیانو لپاره د حقوقي مرستې پروګرام;د سایبري جرمونو د قربانیانو لپاره د حقوقي مرستې پروګرام لارښود,Law and Regulations;Law and Regulations,easy;easy,procedural;procedural,2,duplicate_or_near_duplicate_documents,MEDIUM
125,د سایبري جرمونو قربانیان د رواني مرستې لپاره څه کولی شي؟,2,Q0836;Q0896,D836;D896,د سایبري جرمونو د قربانیانو لپاره د رواني مرستې پروګرام لارښود;د سایبري جرمونو د قربانیانو لپاره د رواني مرستې پروګرام لارښود,Law and Regulations;Law and Regulations,medium;medium,direct_information;direct_information,2,different_documents,HIGH
126,د سایبري جرمونو قربانیان د رواني مرستې لپاره کوم پروګرام لري؟,2,Q0773;Q0969,D773;D969,د سایبري جرمونو د قربانیانو لپاره د رواني مرستې پروګرام;د سایبري جرمونو د قربانیانو لپاره د رواني مرستې جامع پروګرام,Law and Regulations;Law and Regulations,easy;easy,direct_information;direct_information,2,different_documents,HIGH
127,د ساینسي معلوماتو تحلیل لپاره ماشین زده کړه څنګه کارول کېږي؟,2,Q0818;Q0878,D818;D878,د ساینسي معلوماتو د تحلیل لپاره د ماشین زده کړې کارول;د ساینسي معلوماتو د تحلیل لپاره د ماشین زده کړې کارول لارښود,Science and Technology;Science and Technology,hard;hard,procedural;procedural,2,duplicate_or_near_duplicate_documents,MEDIUM
128,د شخصي معلوماتو د راټولولو لپاره د کاروونکي رضایت څنګه ثبتېږي؟,2,Q0318;Q0468,D318;D468,د شخصي معلوماتو د ساتنې لپاره د کاروونکو د رضایت لارښود;د شخصي معلوماتو د ساتنې لپاره د کاروونکو د رضایت لارښود,Law and Regulations;Law and Regulations,hard;hard,procedural;procedural,2,duplicate_or_near_duplicate_documents,MEDIUM
129,د شخصي معلوماتو د ساتنې د اغېز ارزونه څنګه ترسره کېږي؟,2,Q0712;Q0912,D712;D912,د شخصي معلوماتو د ساتنې د اغېز ارزونې لارښود;د شخصي معلوماتو د ساتنې د اغېز ارزونې جامع لارښود,Law and Regulations;Law and Regulations,hard;hard,procedural;procedural,2,duplicate_or_near_duplicate_documents,MEDIUM
130,د شخصي معلوماتو د پروسس لپاره د کاروونکو رضایت څنګه ثبتېږي؟,2,Q0772;Q0968,D772;D968,د شخصي معلوماتو د ساتنې لپاره د کاروونکو د رضایت د ثبت سیستم;د شخصي معلوماتو د ساتنې لپاره د کاروونکو د رضایت د ثبت جامع سیستم,Law and Regulations;Law and Regulations,medium;medium,procedural;procedural,2,different_documents,HIGH
131,د شخصي معلوماتو د پروسس لپاره د کاروونکي رضایت څنګه ثبتېږي؟,2,Q0833;Q0893,D833;D893,د شخصي معلوماتو د ساتنې لپاره د کاروونکو د رضایت د ثبت لارښود;د شخصي معلوماتو د ساتنې لپاره د کاروونکو د رضایت د ثبت لارښود,Law and Regulations;Law and Regulations,hard;hard,procedural;procedural,2,different_documents,HIGH
132,د شیانو د انټرنیټ امنیت لپاره کوم تدابیر اړین دي؟,2,Q0725;Q0925,D725;D925,د شیانو د انټرنیټ د امنیت لپاره هر اړخیز لارښود;د شیانو د انټرنیټ د امنیت لپاره هر اړخیز جامع لارښود,Telecommunications and ICT;Telecommunications and ICT,medium;medium,requirement;requirement,2,duplicate_or_near_duplicate_documents,MEDIUM
133,د عامه خدماتو د شکایتونو د حل لپاره کوم هر اړخیز چوکاټ شتون لري؟,2,Q0703;Q0903,D703;D903,د عامه خدماتو د شکایتونو د حل لپاره هر اړخیز چوکاټ;د دولتي اسنادو د طبقه بندۍ او محرمیت د ساتنې جامع لارښود,Government and Administration;Government and Administration,hard;hard,direct_information;direct_information,2,different_documents,HIGH
134,د ماشین زده کړې د موډلونو د جوړولو او ارزونې لپاره کوم لارښود شتون لري؟,2,Q0753;Q0953,D753;D953,د ماشین زده کړې د موډلونو د جوړولو او ارزونې لارښود;د ماشین زده کړې د موډلونو د جوړولو او ارزونې جامع لارښود,Science and Technology;Science and Technology,hard;hard,direct_information;direct_information,2,duplicate_or_near_duplicate_documents,MEDIUM
135,د مالیاتي درغلیو د کشف لپاره د معلوماتو تحلیل څنګه کارول کېږي؟,2,Q0343;Q0496,D343;D496,د مالیاتي درغلیو د کشف لپاره د معلوماتو تحلیل;د مالیاتي درغلیو د کشف لپاره د معلوماتو تحلیل لارښود,Economy and Finance;Economy and Finance,medium;medium,procedural;procedural,2,duplicate_or_near_duplicate_documents,MEDIUM
136,د مخابراتي خدماتو د بیړني حالت مدیریت څنګه ترسره کېږي؟,2,Q0728;Q0928,D728;D928,د مخابراتي خدماتو د بیړني حالت د مدیریت لارښود;د مخابراتي خدماتو د بیړني حالت د مدیریت جامع لارښود,Telecommunications and ICT;Telecommunications and ICT,easy;easy,direct_information;direct_information,2,duplicate_or_near_duplicate_documents,MEDIUM
137,د مخابراتي خدماتو د بې ځنډه والي تضمین لپاره کوم لارښود شتون لري؟,2,Q0726;Q0926,D726;D926,د مخابراتي خدماتو د بې ځنډه والي د تضمین لارښود;د مخابراتي خدماتو د بې ځنډه والي د تضمین جامع لارښود,Telecommunications and ICT;Telecommunications and ICT,hard;hard,direct_information;direct_information,2,duplicate_or_near_duplicate_documents,MEDIUM
138,د مخابراتي خدماتو د ناڅاپي بندېدو پر مهال کوم ټیم ستونزه حلوي؟,2,Q0324;Q0474,D324;D474,د مخابراتي خدماتو د بیړني ترمیم لپاره چټک غبرګون ټیم;د مخابراتي خدماتو د بیړني ترمیم لپاره چټک غبرګون ټیم لارښود,Telecommunications and ICT;Telecommunications and ICT,easy;easy,direct_information;direct_information,2,duplicate_or_near_duplicate_documents,MEDIUM
139,د مخابراتي خدماتو د کیفیت څارنه او تضمین څنګه ترسره کېږي؟,2,Q0723;Q0923,D723;D923,د مخابراتي خدماتو د کیفیت د څارنې او تضمین لارښود;د مخابراتي خدماتو د کیفیت د څارنې او تضمین جامع لارښود,Telecommunications and ICT;Telecommunications and ICT,medium;medium,procedural;procedural,2,duplicate_or_near_duplicate_documents,MEDIUM
140,د مخابراتي شبکو د پراختیا لپاره د فریکونسۍ مدیریت څنګه کېږي؟,2,Q0721;Q0921,D721;D921,د مخابراتي شبکو د پراختیا لپاره د فریکونسۍ د مدیریت لارښود;د مخابراتي شبکو د پراختیا لپاره د فریکونسۍ د مدیریت جامع لارښود,Telecommunications and ICT;Telecommunications and ICT,medium;medium,direct_information;direct_information,2,duplicate_or_near_duplicate_documents,MEDIUM
141,د مخابراتي شبکو پراختیا د چاپیریال ساتنې لپاره کوم ارزونه لري؟,2,Q0330;Q0480,D330;D480,د مخابراتي شبکو د پراختیا لپاره د چاپیریالي اغېز ارزونه;د مخابراتي شبکو د پراختیا لپاره د چاپیریالي اغېز ارزونه لارښود,Telecommunications and ICT;Telecommunications and ICT,hard;hard,requirement;requirement,2,duplicate_or_near_duplicate_documents,MEDIUM
142,د مصنوعي ځیرکتیا په مرسته د ژبې زده کړې سیستم څنګه کار کوي؟,2,Q0816;Q0876,D816;D876,د مصنوعي ځیرکتیا په مرسته د ژبې د زده کړې سیستم;د مصنوعي ځیرکتیا په مرسته د ژبې د زده کړې سیستم لارښود,Science and Technology;Science and Technology,hard;hard,direct_information;direct_information,2,duplicate_or_near_duplicate_documents,MEDIUM
143,د معلوماتو د لویو ټولګو تحلیل لپاره کوم هر اړخیز لارښود شتون لري؟,2,Q0754;Q0954,D754;D954,د معلوماتو د لویو ټولګو د تحلیل لپاره هر اړخیز لارښود;د معلوماتو د لویو ټولګو د تحلیل لپاره هر اړخیز جامع لارښود,Science and Technology;Science and Technology,medium;medium,direct_information;direct_information,2,duplicate_or_near_duplicate_documents,MEDIUM
144,د معلوماتي امنیت پالیسي د جوړولو او پلي کولو لپاره کومه کړنلار ده؟,2,Q0717;Q0917,D717;D917,د معلوماتي امنیت د پالیسۍ د جوړولو او پلي کولو لارښود;د معلوماتي امنیت د پالیسۍ د جوړولو او پلي کولو جامع لارښود,Law and Regulations;Law and Regulations,medium;medium,procedural;procedural,2,duplicate_or_near_duplicate_documents,MEDIUM
145,د معلوماتي امنیت پېښې راپور ورکولو لپاره کوم لارښود شتون لري؟,2,Q0832;Q0892,D832;D892,د معلوماتي امنیت د پېښو د راپور ورکولو لپاره لارښود;د معلوماتي امنیت د پېښو د راپور ورکولو لپاره لارښود,Law and Regulations;Law and Regulations,medium;medium,direct_information;direct_information,2,duplicate_or_near_duplicate_documents,MEDIUM
146,د معلوماتي ټکنالوژۍ امنیتي معیارونو د تطبیق لپاره کوم لارښود شتون لري؟,2,Q0751;Q0951,D751;D951,د معلوماتي ټکنالوژۍ د امنیتي معیارونو د تطبیق لارښود;د معلوماتي ټکنالوژۍ د امنیتي معیارونو د تطبیق جامع لارښود,Science and Technology;Science and Technology,hard;hard,direct_information;direct_information,2,duplicate_or_near_duplicate_documents,MEDIUM
147,د معلوماتي ټکنالوژۍ امنیتي پلټنې د کوم چوکاټ له مخې ترسره کېږي؟,2,Q0315;Q0465,D315;D465,د معلوماتي ټکنالوژۍ د امنیتي پلټنو لپاره د معیارونو چوکاټ;د معلوماتي ټکنالوژۍ د امنیتي پلټنو لپاره د معیارونو چوکاټ لارښود,Law and Regulations;Law and Regulations,hard;hard,requirement;requirement,2,duplicate_or_near_duplicate_documents,MEDIUM
148,د معلوماتي ټکنالوژۍ امنیتي پلټنې لپاره تفصیلي معیارونه کوم دي؟,2,Q0715;Q0915,D715;D915,د معلوماتي ټکنالوژۍ د امنیتي پلټنو لپاره د معیارونو تفصیلي لارښود;د معلوماتي ټکنالوژۍ د امنیتي پلټنو لپاره د معیارونو تفصیلي جامع لارښود,Law and Regulations;Law and Regulations,medium;medium,requirement;requirement,2,duplicate_or_near_duplicate_documents,MEDIUM
149,د معلوماتي ټکنالوژۍ په مرسته د انرژۍ مدیریت څنګه کېږي؟,2,Q0820;Q0880,D820;D880,د معلوماتي ټکنالوژۍ په مرسته د انرژۍ د مدیریت سیستم;د معلوماتي ټکنالوژۍ په مرسته د انرژۍ د مدیریت سیستم لارښود,Science and Technology;Science and Technology,medium;medium,direct_information;direct_information,2,duplicate_or_near_duplicate_documents,MEDIUM
150,د معلوماتي ټکنالوژۍ په مرسته د چاپیریال ساتنې لپاره کوم لارښود شتون لري؟,2,Q0760;Q0960,D760;D960,د معلوماتي ټکنالوژۍ په مرسته د چاپیریال ساتنې لارښود;د معلوماتي ټکنالوژۍ په مرسته د چاپیریال ساتنې جامع لارښود,Science and Technology;Science and Technology,hard;hard,direct_information;direct_information,2,duplicate_or_near_duplicate_documents,MEDIUM
151,د معلوماتي ټکنالوژۍ په مرسته د ښاري ترافیک مدیریت څنګه کېږي؟,2,Q0817;Q0877,D817;D877,د معلوماتي ټکنالوژۍ په مرسته د ښاري ترافیک د مدیریت سیستم;د معلوماتي ټکنالوژۍ په مرسته د ښاري ترافیک د مدیریت سیستم لارښود,Science and Technology;Science and Technology,medium;medium,direct_information;direct_information,2,duplicate_or_near_duplicate_documents,MEDIUM
152,د هغو سیمو لپاره چې خدمتي مرکز نه لري، ګرځنده ټیمونه څنګه خدمت وړاندې کوي؟,2,Q0765;Q0965,D765;D965,د دولتي خدماتو د وړاندې کولو لپاره د ګرځنده ټیمونو جوړول;د دولتي خدماتو لپاره د ګرځنده ټیمونو د جوړولو جامع لارښود,Government and Administration;Government and Administration,medium;medium,direct_information;direct_information,2,different_documents,HIGH
153,د پنځم نسل شبکې د پلي کولو لپاره کوم هر اړخیز پلان اړین دی؟,2,Q0722;Q0922,D722;D922,د پنځم نسل شبکې د پلي کولو لپاره هر اړخیز لارښود;د پنځم نسل شبکې د پلي کولو لپاره هر اړخیز جامع لارښود,Telecommunications and ICT;Telecommunications and ICT,hard;hard,requirement;requirement,2,duplicate_or_near_duplicate_documents,MEDIUM
154,د ډیجیټلي اقتصاد د ودې لپاره د پانګونې لارښود کوم معلومات لري؟,2,Q0750;Q0950,D750;D950,د ډیجیټلي اقتصاد د ودې لپاره د پانګونې لارښود;د ډیجیټلي اقتصاد د ودې لپاره د پانګونې جامع لارښود,Economy and Finance;Economy and Finance,medium;medium,direct_information;direct_information,2,duplicate_or_near_duplicate_documents,MEDIUM
155,د ډیجیټلي اقتصاد د ودې لپاره نوښت او پانګونه څنګه کېږي؟,2,Q0342;Q0495,D342;D495,د ډیجیټلي اقتصاد لپاره د نوښت او پانګونې لارښود;د ډیجیټلي اقتصاد لپاره د نوښت او پانګونې لارښود,Economy and Finance;Economy and Finance,hard;hard,direct_information;direct_information,2,duplicate_or_near_duplicate_documents,MEDIUM
156,د ډیجیټلي اقتصاد لپاره د نوښت مرکز څه شی دی؟,2,Q0808;Q0868,D808;D868,د ډیجیټلي اقتصاد لپاره د نوښت د مرکز جوړول;د ډیجیټلي اقتصاد لپاره د نوښت د مرکز جوړول لارښود,Economy and Finance;Economy and Finance,medium;medium,direct_information;direct_information,2,different_documents,HIGH
157,د ډیجیټلي سوداګرۍ د پیل او پراختیا لپاره کوم هر اړخیز لارښود شتون لري؟,2,Q0741;Q0941,D741;D941,د ډیجیټلي سوداګرۍ د پیل او پراختیا لپاره هر اړخیز لارښود;د ډیجیټلي سوداګرۍ د پیل او پراختیا لپاره هر اړخیز جامع لارښود,Economy and Finance;Economy and Finance,medium;medium,direct_information;direct_information,2,duplicate_or_near_duplicate_documents,MEDIUM
158,د ډیجیټلي کتابتونونو د جوړولو او مدیریت لپاره کومه کړنلار ده؟,2,Q0735;Q0935,D735;D935,د ډیجیټلي کتابتونونو د جوړولو او مدیریت لارښود;د ډیجیټلي کتابتونونو د جوړولو او مدیریت جامع لارښود,Education;Education,medium;medium,procedural;procedural,2,duplicate_or_near_duplicate_documents,MEDIUM
159,د ښوونکو د مسلکي پرمختګ لپاره ډیجیټلي پروګرام څنګه جوړېږي؟,2,Q0733;Q0933,D733;D933,د ښوونکو د مسلکي پرمختګ لپاره ډیجیټلي پروګرام لارښود;د ښوونکو د مسلکي پرمختګ لپاره ډیجیټلي پروګرام جامع لارښود,Education;Education,medium;medium,procedural;procedural,2,duplicate_or_near_duplicate_documents,MEDIUM
160,د کلیوالي سیمو د پوښښ پراختیا لپاره د ټولنې همکاري څنګه ترلاسه کېږي؟,2,Q0323;Q0473,D323;D473,د ګرځنده مخابراتو د شبکې د پوښښ د پراختیا لپاره د ټولنې همکاري;د ګرځنده مخابراتو د شبکې د پوښښ د پراختیا لپاره د ټولنې همکاري لارښود,Telecommunications and ICT;Telecommunications and ICT,hard;hard,procedural;procedural,2,duplicate_or_near_duplicate_documents,MEDIUM
161,د کوچنیو پورونو بیرته ورکول په کوم سیستم کې ثبتېږي؟,2,Q0345;Q0498,D345;D498,د کوچنیو پورونو د بیرته ورکولو د سیستم لارښود;د کوچنیو پورونو د بیرته ورکولو د سیستم لارښود,Economy and Finance;Economy and Finance,easy;easy,direct_information;direct_information,2,different_documents,HIGH
162,د ګرځنده پیسو کاروونکي خپل حساب څنګه خوندي ساتي؟,2,Q0341;Q0494,D341;D494,د ګرځنده پیسو د کاروونکو لپاره د امنیتي لارښوونو کتابچه;د ګرځنده پیسو د کاروونکو لپاره د امنیتي لارښوونو کتابچه,Economy and Finance;Economy and Finance,easy;easy,procedural;procedural,2,duplicate_or_near_duplicate_documents,MEDIUM
163,د یوې درېزې خدماتو مرکزونه د جوړولو لپاره کوم ګامونه اړین دي؟,2,Q0701;Q0901,D701;D901,د دولتي خدماتو د یوې درېزې مرکزونو د جوړولو او مدیریت لارښود;د دولتي خدماتو د ډیجیټل کولو لپاره هر اړخیزه ملي ستراتیژي,Government and Administration;Government and Administration,easy;easy,procedural;procedural,2,different_documents,HIGH
164,دولتي ادارې د ترلاسه شویو برېښنايي اسنادو ارزونه څنګه ترسره کوي؟,2,Q0762;Q0962,D762;D962,د دولتي ادارو لپاره د برېښنايي اسنادو د ارزونې سیستم;د دولتي اسنادو د ارزیابۍ لپاره د برېښنايي سیستم جامع لارښود,Government and Administration;Government and Administration,medium;medium,procedural;procedural,2,different_documents,HIGH
165,دولتي ادارې د معلوماتو د ساتنې پالیسي څنګه ټاکي؟,2,Q0708;Q0908,D708;D908,د دولتي ادارو لپاره د معلوماتو د ساتنې پالیسي;د دولتي خدماتو لپاره د کاروونکو د لارښوونې جامع مرکز,Government and Administration;Government and Administration,medium;medium,direct_information;direct_information,2,different_documents,HIGH
166,دولتي ارشیف ته د لاسرسي کنټرول څنګه ترسره کېږي؟,2,Q0404;Q0564,D404;D564,د دولتي اسنادو د ارشیف د لاسرسي کنټرول لارښود;د دولتي اسنادو د ارشیف د لاسرسي کنټرول لارښود,Government and Administration;Government and Administration,medium;medium,procedural;procedural,2,duplicate_or_near_duplicate_documents,MEDIUM
167,دولتي اسناد آنلاین چک کولو لپاره کوم سیستم شتون لري؟,2,Q0824;Q0883,D824;D883,د دولتي خدماتو د اسنادو د چک کولو لپاره آنلاین سیستم;د دولتي خدماتو لپاره د اسنادو د چک کولو آنلاین سیستم لارښود,Government and Administration;Government and Administration,easy;easy,direct_information;direct_information,2,different_documents,HIGH
168,دولتي اسناد د محرمیت د ساتنې لپاره څنګه طبقه بندي کېږي؟,2,Q0704;Q0904,D704;D904,د دولتي اسنادو د طبقه بندۍ او محرمیت د ساتنې لارښود;د دولتي خدماتو د برېښنايي کولو لپاره د پروژې د مدیریت جامع لارښود,Government and Administration;Government and Administration,medium;medium,direct_information;direct_information,2,different_documents,HIGH
169,دولتي خدمات د ښه کولو لپاره د کاروونکو نظرونه څنګه راټولېږي او تحلیلېږي؟,2,Q0405;Q0565,D405;D565,د دولتي خدماتو د ښه کولو لپاره د کاروونکو د نظرونو د راټولولو سیستم;د دولتي خدماتو د ښه کولو لپاره د کاروونکو د نظرونو د راټولولو سیستم لارښود,Government and Administration;Government and Administration,hard;hard,procedural;procedural,2,duplicate_or_near_duplicate_documents,MEDIUM
170,دولتي خدماتو لپاره د کاروونکو د لارښوونې مرکز څه خدمتونه وړاندې کوي؟,2,Q0709;Q0909,D709;D909,د دولتي خدماتو لپاره د کاروونکو د لارښوونې مرکز;د دولتي اسنادو د ډیجیټل کولو لپاره د کیفیت کنټرول جامع لارښود,Government and Administration;Government and Administration,easy;easy,direct_information;direct_information,2,different_documents,HIGH
171,دولتي خدماتو ګرځنده اپلیکېشن د کارولو لپاره لومړی څه باید وشي؟,2,Q0401;Q0561,D401;D561,د دولتي خدماتو لپاره د ګرځنده اپلیکېشن د کارونې لارښود;د دولتي خدماتو لپاره د ګرځنده اپلیکېشن د کارونې لارښود,Government and Administration;Government and Administration,easy;easy,procedural;procedural,2,duplicate_or_near_duplicate_documents,MEDIUM
172,دولتي خدمتي مرکزونه د برېښنايي تادیاتو د منلو لپاره کوم سیستم لري؟,2,Q0761;Q0961,D761;D961,د دولتي خدماتو لپاره د برېښنايي تادیاتو د منلو سیستم;د دولتي خدماتو لپاره د برېښنايي تادیاتو د منلو جامع سیستم لارښود,Government and Administration;Government and Administration,easy;easy,direct_information;direct_information,2,different_documents,HIGH
173,دولتي خدمتي مرکزونه د بې سیمه شبکې امنیت څنګه ساتي؟,2,Q0827;Q0886,D827;D886,د دولتي خدماتو لپاره د بې سیمه شبکې د امنیت لارښود;د دولتي خدماتو لپاره د بې سیمه شبکې د امنیت لارښود,Government and Administration;Government and Administration,medium;medium,requirement;requirement,2,different_documents,HIGH
174,دولتي دفترونه د برېښنا د مصرف د کمولو لپاره کوم پلان لري؟,2,Q0402;Q0562,D402;D562,د دولتي دفترونو لپاره د انرژۍ د سپما پلان;د دولتي دفترونو لپاره د انرژۍ د سپما پلان لارښود,Government and Administration;Government and Administration,medium;medium,direct_information;direct_information,2,duplicate_or_near_duplicate_documents,MEDIUM
175,دولتي دفترونه د چاپیریال ساتنې لپاره کومې کړنلارې لري؟,2,Q0460;Q0510,D460;D510,د دولتي دفترونو لپاره د چاپیریال دوستانه کړنلار لارښود;د دولتي دفترونو لپاره د چاپیریال دوستانه کړنلار لارښود,Government and Administration;Government and Administration,medium;medium,requirement;requirement,2,duplicate_or_near_duplicate_documents,MEDIUM
176,دولتي دفترونه د کاغذي اسنادو د ریسایکل کولو لپاره کوم تدابیر لري؟,2,Q0766;Q0966,D766;D966,د دولتي اسنادو د بیا کارونې او ریسایکل کولو لارښود;د دولتي اسنادو د ریسایکل کولو لپاره جامع لارښود,Government and Administration;Government and Administration,medium;medium,procedural;procedural,2,different_documents,HIGH
177,دولتي ودانۍ د ساتنې لپاره د غوښتنو ثبت کوم سیستم کې کېږي؟,2,Q0406;Q0566,D406;D566,د دولتي ودانیو د ساتنې لپاره د برېښنايي سیستم;د دولتي ودانیو د ساتنې لپاره د برېښنايي سیستم لارښود,Government and Administration;Government and Administration,easy;easy,direct_information;direct_information,2,duplicate_or_near_duplicate_documents,MEDIUM
178,دولتي کارکوونکي خپله حاضري څنګه ثبتوي؟,2,Q0764;Q0964,D764;D964,د دولتي کارکوونکو لپاره د برېښنايي حاضري سیستم;د دولتي کارکوونکو لپاره د برېښنايي حاضري جامع سیستم لارښود,Government and Administration;Government and Administration,easy;easy,procedural;procedural,2,different_documents,HIGH
179,روبوټونه د روغتیايي خدماتو په ښه کولو کې څه رول لري؟,2,Q0819;Q0879,D819;D879,د روبوټیک په مرسته د روغتیايي خدماتو ښه کول;د روبوټیک په مرسته د روغتیايي خدماتو ښه کول لارښود,Science and Technology;Science and Technology,easy;easy,direct_information;direct_information,2,duplicate_or_near_duplicate_documents,MEDIUM
180,روبوټیک او اتومات کولو لپاره کوم تخنیکي لارښود شتون لري؟,2,Q0757;Q0957,D757;D957,د روبوټیک او اتومات کولو لپاره تخنیکي لارښود;د روبوټیک او اتومات کولو لپاره تخنیکي جامع لارښود,Science and Technology;Science and Technology,easy;easy,direct_information;direct_information,2,duplicate_or_near_duplicate_documents,MEDIUM
181,روبوټیک جراحي د ترسره کولو لپاره ډاکټران کومه روزنه ترلاسه کوي؟,2,Q0559;Q0659,D559;D659,د روبوټیک په مرسته د جراحۍ لارښود;د ښوونکو لپاره د ډیجیټلي وسایلو د ساتنې لارښود,Science and Technology;Education,medium;medium,requirement;requirement,2,different_documents,HIGH
182,روبوټیک د تولید د اتومات کولو لپاره څنګه کارول کېږي؟,2,Q0813;Q0873,D813;D873,د روبوټیک په مرسته د تولید د اتومات کولو لارښود;د روبوټیک په مرسته د تولید د اتومات کولو لارښود,Science and Technology;Science and Technology,medium;medium,direct_information;direct_information,2,duplicate_or_near_duplicate_documents,MEDIUM
183,زدهکوونکي د رواني روغتیا لپاره آنلاین سرچینې څنګه ترلاسه کوي؟,2,Q0336;Q0486,D336;D486,د زدهکوونکو د رواني روغتیا لپاره آنلاین سرچینې;د زدهکوونکو د رواني روغتیا لپاره آنلاین سرچینې لارښود,Education;Education,easy;easy,direct_information;direct_information,2,duplicate_or_near_duplicate_documents,MEDIUM
184,زدهکوونکي د ډیجیټلي اتباع توب مهارتونه څنګه زده کوي؟,2,Q0383;Q0490,D383;D490,د زدهکوونکو لپاره د ډیجیټلي اتباع توب زده کړه;د زدهکوونکو لپاره د ډیجیټلي اتباع توب زده کړه لارښود,Education;Education,medium;medium,direct_information;direct_information,2,duplicate_or_near_duplicate_documents,MEDIUM
185,زدهکوونکي د ګروپي پروژو لپاره کوم ډیجیټلي وسیلې کاروي؟,2,Q0333;Q0483,D333;D483,د زدهکوونکو لپاره د ډیجیټلي همکارۍ وسیلې;د زدهکوونکو لپاره د ډیجیټلي همکارۍ وسیلې لارښود,Education;Education,easy;easy,direct_information;direct_information,2,duplicate_or_near_duplicate_documents,MEDIUM
186,ساینسي معلومات د ساتنې او شریکولو لپاره کوم هر اړخیز لارښود شتون لري؟,2,Q0758;Q0958,D758;D958,د ساینسي معلوماتو د ساتنې او شریکولو لپاره هر اړخیز لارښود;د ساینسي معلوماتو د ساتنې او شریکولو لپاره هر اړخیز جامع لارښود,Science and Technology;Science and Technology,hard;hard,direct_information;direct_information,2,duplicate_or_near_duplicate_documents,MEDIUM
187,ساینسي څېړنو لپاره د معلوماتي ټکنالوژۍ کارولو لپاره کوم لارښود شتون لري؟,2,Q0756;Q0956,D756;D956,د ساینسي څېړنو لپاره د معلوماتي ټکنالوژۍ کارول لارښود;د ساینسي څېړنو لپاره د معلوماتي ټکنالوژۍ کارول جامع لارښود,Science and Technology;Science and Technology,medium;medium,direct_information;direct_information,2,duplicate_or_near_duplicate_documents,MEDIUM
188,علمي څېړنو کې د خلاصو معلوماتو پالیسي څه ده؟,2,Q0815;Q0875,D815;D875,د ساینسي څېړنو لپاره د خلاصو معلوماتو پالیسي;د ساینسي څېړنو لپاره د خلاصو معلوماتو پالیسي لارښود,Science and Technology;Science and Technology,easy;easy,direct_information;direct_information,2,duplicate_or_near_duplicate_documents,MEDIUM
189,مالي زده کړې لپاره د ډیجیټلي وسیلو کارولو لپاره کوم لارښود شتون لري؟,2,Q0748;Q0948,D748;D948,د مالي زده کړې لپاره د ډیجیټلي وسیلو کارول لارښود;د مالي زده کړې لپاره د ډیجیټلي وسیلو کارول جامع لارښود,Economy and Finance;Economy and Finance,medium;medium,direct_information;direct_information,2,duplicate_or_near_duplicate_documents,MEDIUM
190,مالي ټکنالوژي خدمات د تنظیم لپاره کوم هر اړخیز چوکاټ لري؟,2,Q0743;Q0943,D743;D943,د مالي ټکنالوژۍ د خدماتو د تنظیم لپاره هر اړخیز چوکاټ;د مالي ټکنالوژۍ د خدماتو د تنظیم لپاره هر اړخیز جامع چوکاټ,Economy and Finance;Economy and Finance,medium;medium,direct_information;direct_information,2,duplicate_or_near_duplicate_documents,MEDIUM
191,مالي ټکنالوژي شرکتونه د معلوماتو امنیت لپاره کوم لارښود لري؟,2,Q0806;Q0866,D806;D866,د مالي ټکنالوژۍ د شرکتونو لپاره د معلوماتو د امنیت لارښود;د مالي ټکنالوژۍ د شرکتونو لپاره د معلوماتو د امنیت لارښود,Economy and Finance;Economy and Finance,medium;medium,direct_information;direct_information,2,duplicate_or_near_duplicate_documents,MEDIUM
192,مالیاتي درغلۍ د کشف او مخنیوي لپاره کوم هر اړخیز لارښود شتون لري؟,2,Q0746;Q0946,D746;D946,د مالیاتي درغلیو د کشف او مخنیوي لپاره هر اړخیز لارښود;د مالیاتي درغلیو د کشف او مخنیوي لپاره هر اړخیز جامع لارښود,Economy and Finance;Economy and Finance,medium;medium,direct_information;direct_information,2,duplicate_or_near_duplicate_documents,MEDIUM
193,مخابراتي شبکې د انرژۍ موثریت لوړولو لپاره کوم ګامونه اخلي؟,2,Q0727;Q0927,D727;D927,د مخابراتي شبکو د انرژۍ د موثریت د لوړولو لپاره هر اړخیز لارښود;د مخابراتي شبکو د انرژۍ د موثریت د لوړولو لپاره هر اړخیز جامع لارښود,Telecommunications and ICT;Telecommunications and ICT,medium;medium,procedural;procedural,2,duplicate_or_near_duplicate_documents,MEDIUM
194,مخابراتي شرکتونه خپل ګرځنده اپلیکېشنونه څنګه خوندي کوي؟,2,Q0321;Q0471,D321;D471,د مخابراتي خدماتو لپاره د ګرځنده اپلیکېشن امنیت;د مخابراتي خدماتو لپاره د ګرځنده اپلیکېشن امنیت لارښود,Telecommunications and ICT;Telecommunications and ICT,medium;medium,procedural;procedural,2,duplicate_or_near_duplicate_documents,MEDIUM
195,مخابراتي شرکتونه د انرژۍ مصرف راپور څنګه ورکوي؟,2,Q0322;Q0472,D322;D472,د مخابراتي شبکو د انرژۍ د مصرف د راپور ورکولو لارښود;د مخابراتي شبکو د انرژۍ د مصرف د راپور ورکولو لارښود,Telecommunications and ICT;Telecommunications and ICT,easy;easy,procedural;procedural,2,duplicate_or_near_duplicate_documents,MEDIUM
196,مخابراتي شرکتونه د ناورینونو لپاره د بیا رغونې پلان څنګه جوړوي؟,2,Q0328;Q0478,D328;D478,د مخابراتي خدماتو لپاره د ناورین د بیا رغونې پلان;د مخابراتي خدماتو لپاره د ناورین د بیا رغونې پلان لارښود,Telecommunications and ICT;Telecommunications and ICT,hard;hard,procedural;procedural,2,duplicate_or_near_duplicate_documents,MEDIUM
197,مخابراتي شرکتونه د پیرودونکو شخصي معلومات څنګه ساتي؟,2,Q0326;Q0476,D326;D476,د مخابراتي شرکتونو لپاره د پیرودونکو د معلوماتو د ساتنې پروتوکول;د مخابراتي شرکتونو لپاره د پیرودونکو د معلوماتو د ساتنې پروتوکول لارښود,Telecommunications and ICT;Telecommunications and ICT,medium;medium,procedural;procedural,2,duplicate_or_near_duplicate_documents,MEDIUM
198,مخابراتي شرکتونه د کاروونکو د حقونو ساتنه څنګه کوي؟,2,Q0730;Q0930,D730;D930,د مخابراتي خدماتو د کاروونکو د حقونو د ساتنې لارښود;د مخابراتي خدماتو د کاروونکو د حقونو د ساتنې جامع لارښود,Telecommunications and ICT;Telecommunications and ICT,medium;medium,direct_information;direct_information,2,duplicate_or_near_duplicate_documents,MEDIUM
199,مصنوعي ځیرکتیا د اخلاقي کارونې لپاره کوم هر اړخیز چوکاټ شتون لري؟,2,Q0752;Q0952,D752;D952,د مصنوعي ځیرکتیا د اخلاقي کارونې لپاره هر اړخیز چوکاټ;د مصنوعي ځیرکتیا د اخلاقي کارونې لپاره هر اړخیز جامع چوکاټ,Science and Technology;Science and Technology,medium;medium,direct_information;direct_information,2,duplicate_or_near_duplicate_documents,MEDIUM
200,مصنوعي ځیرکتیا د روغتیا خدماتو د ښه کولو لپاره څنګه کارول کېږي؟,2,Q0759;Q0959,D759;D959,د مصنوعي ځیرکتیا په مرسته د روغتیا د خدماتو د ښه کولو لارښود;د مصنوعي ځیرکتیا په مرسته د روغتیا د خدماتو د ښه کولو جامع لارښود,Science and Technology;Science and Technology,medium;medium,direct_information;direct_information,2,duplicate_or_near_duplicate_documents,MEDIUM
201,مصنوعي ځیرکتیا د سایبري امنیت ګواښونو د کشف لپاره څنګه کارول کېږي؟,2,Q0811;Q0871,D811;D871,د مصنوعي ځیرکتیا په مرسته د سایبري امنیت د ګواښونو کشف;د مصنوعي ځیرکتیا په مرسته د سایبري امنیت د ګواښونو کشف لارښود,Science and Technology;Science and Technology,hard;hard,direct_information;direct_information,2,duplicate_or_near_duplicate_documents,MEDIUM
202,مصنوعي ځیرکتیا د مالي خدماتو د ښه کولو لپاره څنګه کارول کېږي؟,2,Q0749;Q0949,D749;D949,د مصنوعي ځیرکتیا په مرسته د مالي خدماتو د ښه کولو لارښود;د مصنوعي ځیرکتیا په مرسته د مالي خدماتو د ښه کولو جامع لارښود,Economy and Finance;Economy and Finance,hard;hard,direct_information;direct_information,2,duplicate_or_near_duplicate_documents,MEDIUM
203,مهم دولتي اسناد د لاسلیک لپاره څو مرحلې تایید ته اړتیا لري؟,2,Q0307;Q0457,D307;D457,د دولتي اسنادو د لاسلیک لپاره د څو مرحلې تایید;د دولتي اسنادو د لاسلیک لپاره د څو مرحلې تایید لارښود,Government and Administration;Government and Administration,easy;easy,direct_information;direct_information,2,duplicate_or_near_duplicate_documents,MEDIUM
204,هر سازمان د معلوماتي امنیت پالیسي کې کوم اهداف شاملوي؟,2,Q0320;Q0470,D320;D470,د معلوماتي امنیت د پالیسۍ د اړتیاوو لارښود;د معلوماتي امنیت د پالیسۍ د اړتیاوو لارښود,Law and Regulations;Law and Regulations,hard;hard,requirement;requirement,2,duplicate_or_near_duplicate_documents,MEDIUM
205,هغه ادارې چې ډیجیټلي اسناد کاروي، د ساتنې کوم قانوني مکلفیتونه لري؟,2,Q0313;Q0463,D313;D463,د ډیجیټلي اسنادو د ساتنې لپاره د قانوني مکلفیتونو لارښود;د ډیجیټلي اسنادو د ساتنې لپاره د قانوني مکلفیتونو لارښود,Law and Regulations;Law and Regulations,medium;medium,requirement;requirement,2,duplicate_or_near_duplicate_documents,MEDIUM
206,هغه وګړي چې له ډیجیټلي وسایلو سره بلد نه دي، د دولتي خدماتو کارولو لپاره څه روزنه ترلاسه کوي؟,2,Q0825;Q0884,D825;D884,د دولتي خدماتو لپاره د کاروونکو د روزنې پروګرام;د دولتي خدماتو لپاره د کاروونکو د روزنې پروګرام لارښود,Government and Administration;Government and Administration,medium;medium,direct_information;direct_information,2,different_documents,HIGH
207,هغه وګړي چې په رسمي ژبو نه پوهېږي، د دولتي خدماتو لپاره څه اسانتیا لري؟,2,Q0403;Q0563,D403;D563,د دولتي خدماتو لپاره د ژبې د ژباړې خدمت;د دولتي خدماتو لپاره د ژبې د ژباړې خدمت لارښود,Government and Administration;Government and Administration,hard;hard,indirect;indirect,2,duplicate_or_near_duplicate_documents,MEDIUM
208,هغه کسان چې برېښنايي لاسلیک کاروي، کومه روزنه ترلاسه کوي؟,2,Q0316;Q0466,D316;D466,د برېښنايي لاسلیک د کارونې لپاره د کاروونکو روزنه;د برېښنايي لاسلیک د کارونې لپاره د کاروونکو روزنه لارښود,Law and Regulations;Law and Regulations,medium;medium,direct_information;direct_information,2,duplicate_or_near_duplicate_documents,MEDIUM
209,وګړي د دولتي خدماتو د موندلو لپاره کوم پورټل کاروي؟,2,Q0763;Q0963,D763;D963,د دولتي خدماتو د لټون او کشف لپاره ځانګړی پورټل;د دولتي خدماتو د کشف لپاره د ځانګړي پورټل جامع لارښود,Government and Administration;Government and Administration,easy;easy,direct_information;direct_information,2,different_documents,HIGH
210,په بیړنیو حالاتو کې دولتي خدمتونه څنګه دوام مومي؟,2,Q0830;Q0889,D830;D889,د دولتي خدماتو لپاره د بیړني حالت د مدیریت لارښود;د دولتي خدماتو لپاره د بیړني حالت د مدیریت لارښود,Government and Administration;Government and Administration,hard;hard,procedural;procedural,2,different_documents,HIGH
211,په زده کړه کې د مصنوعي ځیرکتیا د کارونې لپاره کوم هر اړخیز لارښود شتون لري؟,2,Q0736;Q0936,D736;D936,د زده کړې په برخه کې د مصنوعي ځیرکتیا د کارونې هر اړخیز لارښود;د زده کړې په برخه کې د مصنوعي ځیرکتیا د کارونې هر اړخیز جامع لارښود,Education;Education,hard;hard,direct_information;direct_information,2,duplicate_or_near_duplicate_documents,MEDIUM
212,په ښوونځیو کې د مالي زده کړې پروګرام څه زده کوي؟,2,Q0809;Q0869,D809;D869,د مالي زده کړې لپاره د ښوونځي پروګرام;د مالي زده کړې لپاره د ښوونځي پروګرام لارښود,Economy and Finance;Economy and Finance,easy;easy,direct_information;direct_information,2,different_documents,HIGH
213,ځیرکه کرنه د تولیداتو د ښه کولو لپاره کوم ټکنالوژي کاروي؟,2,Q0557;Q0657,D557;D657,د ځیرک کرنې لپاره د ټکنالوژۍ کارونه لارښود;د زده کړې لپاره د مجازی واقعیت د کارونې لارښود,Science and Technology;Education,easy;easy,direct_information;direct_information,2,different_documents,HIGH
214,ډیجیټلي سوداګرۍ خپل مالي مدیریت څنګه سم ساتي؟,2,Q0338;Q0491,D338;D491,د ډیجیټلي سوداګرۍ لپاره د مالي مدیریت لارښود;د ډیجیټلي سوداګرۍ لپاره د مالي مدیریت لارښود,Economy and Finance;Economy and Finance,medium;hard,procedural;procedural,2,duplicate_or_near_duplicate_documents,MEDIUM
215,ډیجیټلي سوداګرۍ مالي راپورونه په کوم سیستم کې ثبتوي؟,2,Q0861;Q0996,D861;D996,د ډیجیټلي سوداګرۍ لپاره د مالي راپور ورکولو سیستم لارښود;د ډیجیټلي سوداګرۍ لپاره د مالي راپور ورکولو جامع سیستم لارښود,Economy and Finance;Economy and Finance,easy;easy,direct_information;direct_information,2,different_documents,HIGH
216,ډیجیټلي پیسې د کارونې او تنظیم لپاره کوم هر اړخیز لارښود شتون لري؟,2,Q0745;Q0945,D745;D945,د ډیجیټلي پیسو د کارونې او تنظیم لپاره هر اړخیز لارښود;د ډیجیټلي پیسو د کارونې او تنظیم لپاره هر اړخیز جامع لارښود,Economy and Finance;Economy and Finance,hard;hard,direct_information;direct_information,2,duplicate_or_near_duplicate_documents,MEDIUM
217,ښوونځي خپل ډیجیټلي کتابتون څنګه جوړوي؟,2,Q0335;Q0485,D335;D485,د ښوونځیو لپاره د ډیجیټلي کتابتون د جوړولو لارښود;د ښوونځیو لپاره د ډیجیټلي کتابتون د جوړولو لارښود,Education;Education,medium;medium,procedural;procedural,2,duplicate_or_near_duplicate_documents,MEDIUM
218,ښوونځي د ډیجیټلي امنیت پالیسي څنګه جوړوي؟,2,Q0738;Q0938,D738;D938,د ښوونځیو لپاره د ډیجیټلي امنیت د پالیسۍ لارښود;د ښوونځیو لپاره د ډیجیټلي امنیت د پالیسۍ جامع لارښود,Education;Education,hard;hard,procedural;procedural,2,duplicate_or_near_duplicate_documents,MEDIUM
219,ښوونکي خپل ډیجیټلي تدریسي سرچینې څنګه جوړوي؟,2,Q0332;Q0482,D332;D482,د ښوونکو لپاره د تدریس د ډیجیټلي سرچینو د جوړولو لارښود;د ښوونکو لپاره د تدریس د ډیجیټلي سرچینو د جوړولو لارښود,Education;Education,medium;medium,procedural;procedural,2,duplicate_or_near_duplicate_documents,MEDIUM
220,ښوونکي د آنلاین زده کړې لپاره څنګه چمتو کېږي؟,2,Q0382;Q0489,D382;D489,د آنلاین زده کړې لپاره د ښوونکو د چمتووالي پروګرام;د آنلاین زده کړې لپاره د ښوونکو د چمتووالي پروګرام لارښود,Education;Education,easy;easy,direct_information;direct_information,2,duplicate_or_near_duplicate_documents,MEDIUM
221,کاروونکي د انټرنیټي خدماتو د کیفیت په اړه راپور څنګه ورکوي؟,2,Q0327;Q0477,D327;D477,د انټرنیټي خدماتو د کیفیت د څارنې لپاره د کاروونکو راپورونه;د انټرنیټي خدماتو د کیفیت د څارنې لپاره د کاروونکو راپورونه لارښود,Telecommunications and ICT;Telecommunications and ICT,easy;easy,procedural;procedural,2,duplicate_or_near_duplicate_documents,MEDIUM
222,کلاوډ کمپیوټري خدماتو د کارونې لپاره کوم هر اړخیز لارښود شتون لري؟,2,Q0755;Q0955,D755;D955,د کلاوډ کمپیوټري خدماتو د کارونې لپاره هر اړخیز لارښود;د کلاوډ کمپیوټري خدماتو د کارونې لپاره هر اړخیز جامع لارښود,Science and Technology;Science and Technology,hard;hard,direct_information;direct_information,2,duplicate_or_near_duplicate_documents,MEDIUM
223,که کاروونکی خپل ډیجیټلي هویت هیر کړي، د بیا ترلاسه کولو لپاره څه باید وکړي؟,2,Q0828;Q0887,D828;D887,د دولتي خدماتو لپاره د ډیجیټلي هویت د بیا ترلاسه کولو پروسه;د دولتي خدماتو لپاره د ډیجیټلي هویت د بیا ترلاسه کولو پروسه لارښود,Government and Administration;Government and Administration,easy;easy,procedural;procedural,2,duplicate_or_near_duplicate_documents,MEDIUM
224,کوانټم کمپیوټري اساسات کوم مفاهیم لري؟,2,Q0812;Q0872,D812;D872,د کوانټم کمپیوټري د اساساتو لارښود;د کوانټم کمپیوټري د اساساتو لارښود,Science and Technology;Science and Technology,easy;easy,direct_information;direct_information,2,duplicate_or_near_duplicate_documents,MEDIUM
225,کوچنۍ سوداګرۍ د ډیجیټل کولو لپاره کوم هر اړخیز ملاتړیز پروګرام شتون لري؟,2,Q0744;Q0944,D744;D944,د کوچنیو سوداګرۍ د ډیجیټل کولو لپاره هر اړخیز ملاتړیز پروګرام;د کوچنیو سوداګرۍ د ډیجیټل کولو لپاره هر اړخیز ملاتړیز پروګرام,Economy and Finance;Economy and Finance,easy;easy,direct_information;direct_information,2,duplicate_or_near_duplicate_documents,MEDIUM
226,کوچنۍ سوداګرۍ د ډیجیټلي بازارموندنې ستراتیژي څنګه جوړوي؟,2,Q0340;Q0493,D340;D493,د کوچنیو سوداګرۍ لپاره د ډیجیټلي بازارموندنې ستراتیژي;د کوچنیو سوداګرۍ لپاره د ډیجیټلي بازارموندنې ستراتیژي لارښود,Economy and Finance;Economy and Finance,hard;hard,procedural;procedural,2,duplicate_or_near_duplicate_documents,MEDIUM
