group_id,text_hash,group_size,document_ids,titles,categories,subcategories,text_length_chars,classification,same_title,same_category,same_subcategory,risk
1,01aae134d99d818f,2,D790;D850,د مخابراتي خدماتو د کاروونکو لپاره د شکایتونو د حل مرکز;د مخابراتي خدماتو د کاروونکو لپاره د شکایتونو د حل مرکز لارښود,Telecommunications and ICT;Telecommunications and ICT,telecom consumer complaint center;telecom consumer complaint center guide,175,B_identical_text_different_metadata,False,True,False,MEDIUM
2,01b1871bc49f6912,3,D401;D561;D621,د دولتي خدماتو لپاره د ګرځنده اپلیکېشن د کارونې لارښود;د دولتي خدماتو لپاره د ګرځنده اپلیکېشن د کارونې لارښود;د دولتي خدماتو د ګرځنده اپلیکېشن د کارونې لارښود,Government and Administration;Government and Administration;Government and Administration,government mobile app;government mobile app usage;government mobile app usage,424,B_identical_text_different_metadata,False,True,False,MEDIUM
3,03ec265c41e6760f,2,D322;D472,د مخابراتي شبکو د انرژۍ د مصرف د راپور ورکولو لارښود;د مخابراتي شبکو د انرژۍ د مصرف د راپور ورکولو لارښود,Telecommunications and ICT;Telecommunications and ICT,energy consumption reporting;energy reporting guide,152,B_identical_text_different_metadata,True,True,False,MEDIUM
4,05f798d9d27e86f0,2,D820;D880,د معلوماتي ټکنالوژۍ په مرسته د انرژۍ د مدیریت سیستم;د معلوماتي ټکنالوژۍ په مرسته د انرژۍ د مدیریت سیستم لارښود,Science and Technology;Science and Technology,IT for energy management;IT for energy management guide,124,B_identical_text_different_metadata,False,True,False,MEDIUM
5,07187e0f38132951,3,D441;D601;D661,د ډیجیټلي سوداګرۍ لپاره د تادیاتي دروازو د انتخاب لارښود;د ډیجیټلي سوداګرۍ لپاره د تادیاتي دروازو د انتخاب لارښود;د ډیجیټلي سوداګرۍ لپاره د تادیاتي دروازو د انتخاب لارښود,Economy and Finance;Economy and Finance;Economy and Finance,payment gateway selection;payment gateway selection guide;payment gateway selection guide,133,B_identical_text_different_metadata,True,True,False,MEDIUM
6,088f9d7c9701eba1,2,D803;D863,د کوچنیو سوداګرۍ لپاره د آنلاین پلور پلیټ فارم لارښود;د کوچنیو سوداګرۍ لپاره د آنلاین پلور پلیټ فارم لارښود,Economy and Finance;Economy and Finance,online sales platform for SMEs;online sales platform for SMEs guide,158,B_identical_text_different_metadata,True,True,False,MEDIUM
7,08d50ca714c980f5,3,D560;D620;D680,د مصنوعي ځیرکتیا په مرسته د ژباړې سیستم لارښود;د مصنوعي ځیرکتیا په مرسته د ژباړې سیستم لارښود;د مصنوعي ځیرکتیا په مرسته د ژباړې سیستم لارښود,Science and Technology;Science and Technology;Science and Technology,AI translation guide;AI translation guide;AI translation guide,239,A_identical_text_identical_metadata,True,True,True,LOW
8,09ee947cbb0aa768,2,D335;D485,د ښوونځیو لپاره د ډیجیټلي کتابتون د جوړولو لارښود;د ښوونځیو لپاره د ډیجیټلي کتابتون د جوړولو لارښود,Education;Education,school digital library creation;school digital library guide,164,B_identical_text_different_metadata,True,True,False,MEDIUM
9,0a2c47618c698a2b,2,D815;D875,د ساینسي څېړنو لپاره د خلاصو معلوماتو پالیسي;د ساینسي څېړنو لپاره د خلاصو معلوماتو پالیسي لارښود,Science and Technology;Science and Technology,open data policy for research;open data policy for research guide,123,B_identical_text_different_metadata,False,True,False,MEDIUM
10,0dcc4a3ca61d555e,5,D414;D514;D574;D634;D690,د برېښنايي معاملو د ثبت ساتنې مقرره;د برېښنايي معاملو د ثبت ساتنې مقرره لارښود;د برېښنايي معاملو د ثبت ساتنې مقرره لارښود;د برېښنايي معاملو د ثبت ساتنې مقرره لارښود;د برېښنايي معاملو د ثبت ساتنې مقرره لارښود,Law and Regulations;Law and Regulations;Law and Regulations;Law and Regulations;Law and Regulations,e-transaction record keeping;e-transaction record keeping guide;e-transaction record keeping guide;e-transaction record keeping guide;e-transaction record keeping guide,138,B_identical_text_different_metadata,False,True,False,MEDIUM
11,106315aa7991e1e2,2,D340;D493,د کوچنیو سوداګرۍ لپاره د ډیجیټلي بازارموندنې ستراتیژي;د کوچنیو سوداګرۍ لپاره د ډیجیټلي بازارموندنې ستراتیژي لارښود,Economy and Finance;Economy and Finance,SME digital marketing strategy;SME marketing strategy guide,173,B_identical_text_different_metadata,False,True,False,MEDIUM
12,12415835c0f15d7a,4,D418;D578;D638;D694,د برېښنايي اسنادو د لېږد لپاره د کوډ کولو معیارونه;د برېښنايي اسنادو د لېږد لپاره د کوډ کولو معیارونه لارښود;د برېښنايي اسنادو د لېږد لپاره د کوډ کولو معیارونه لارښود;د برېښنايي اسنادو د لېږد لپاره د کوډ کولو معیارونه لارښود,Law and Regulations;Law and Regulations;Law and Regulations;Law and Regulations,encryption standards for e-documents;encryption standards guide;encryption standards guide;encryption standards guide,172,B_identical_text_different_metadata,False,True,False,MEDIUM
13,1656d61029d3c1e3,2,D315;D465,د معلوماتي ټکنالوژۍ د امنیتي پلټنو لپاره د معیارونو چوکاټ;د معلوماتي ټکنالوژۍ د امنیتي پلټنو لپاره د معیارونو چوکاټ لارښود,Law and Regulations;Law and Regulations,IT audit standards framework;IT audit standards guide,203,B_identical_text_different_metadata,False,True,False,MEDIUM
14,1e9d9dd4727a3ba8,2,D329;D479,د انټرنیټي خدماتو د بې طرفۍ د پلي کولو لپاره د څارنې راپور;د انټرنیټي خدماتو د بې طرفۍ د پلي کولو لپاره د څارنې راپور لارښود,Telecommunications and ICT;Telecommunications and ICT,net neutrality monitoring report;net neutrality report guide,154,B_identical_text_different_metadata,False,True,False,MEDIUM
15,20264bd3772edf72,2,D338;D491,د ډیجیټلي سوداګرۍ لپاره د مالي مدیریت لارښود;د ډیجیټلي سوداګرۍ لپاره د مالي مدیریت لارښود,Economy and Finance;Economy and Finance,digital business financial management;digital business finance guide,189,B_identical_text_different_metadata,True,True,False,MEDIUM
16,221a9e0941383f56,2,D336;D486,د زدهکوونکو د رواني روغتیا لپاره آنلاین سرچینې;د زدهکوونکو د رواني روغتیا لپاره آنلاین سرچینې لارښود,Education;Education,student mental health resources;mental health resources guide,148,B_identical_text_different_metadata,False,True,False,MEDIUM
17,250a06d7de8de8ad,2,D383;D490,د زدهکوونکو لپاره د ډیجیټلي اتباع توب زده کړه;د زدهکوونکو لپاره د ډیجیټلي اتباع توب زده کړه لارښود,Education;Education,digital citizenship for students;digital citizenship guide,174,B_identical_text_different_metadata,False,True,False,MEDIUM
18,2590c4ca57352d43,2,D327;D477,د انټرنیټي خدماتو د کیفیت د څارنې لپاره د کاروونکو راپورونه;د انټرنیټي خدماتو د کیفیت د څارنې لپاره د کاروونکو راپورونه لارښود,Telecommunications and ICT;Telecommunications and ICT,user quality reports;user quality reports guide,148,B_identical_text_different_metadata,False,True,False,MEDIUM
19,2e2386ed63b007a6,4,D409;D569;D629;D685,د دولتي خدماتو د ارزونې لپاره د معیارونو چوکاټ;د دولتي خدماتو د ارزونې لپاره د معیارونو چوکاټ لارښود;د دولتي خدماتو د ارزونې لپاره د معیارونو چوکاټ لارښود;د دولتي خدماتو د ارزونې لپاره د معیارونو چوکاټ لارښود,Government and Administration;Government and Administration;Government and Administration;Government and Administration,service evaluation framework;service evaluation framework guide;service evaluation framework guide;service evaluation framework guide,195,B_identical_text_different_metadata,False,True,False,MEDIUM
20,30b93dc30cecbec2,3,D434;D594;D654,د زده کړې لپاره د خلاصو سرچینو د کارونې لارښود;د زده کړې لپاره د خلاصو سرچینو د کارونې لارښود;د زده کړې لپاره د خلاصو سرچینو د کارونې لارښود,Education;Education;Education,open source in education;open source in education guide;open source in education guide,137,B_identical_text_different_metadata,True,True,False,MEDIUM
21,34141ff8ec42b96d,2,D804;D864,د برېښنايي سوداګرۍ لپاره د پیرودونکو د راګرځولو ستراتیژي;د برېښنايي سوداګرۍ لپاره د پیرودونکو د راګرځولو ستراتیژي لارښود,Economy and Finance;Economy and Finance,customer retention in e-commerce;customer retention strategy guide,151,B_identical_text_different_metadata,False,True,False,MEDIUM
22,34599f2b1c066e70,2,D799;D859,د زده کړې لپاره د لوبو پر بنسټ د زده کړې پلیټ فارم;د زده کړې لپاره د لوبو پر بنسټ د زده کړې پلیټ فارم لارښود,Education;Education,game-based learning platform;game-based learning platform guide,167,B_identical_text_different_metadata,False,True,False,MEDIUM
23,36b7d199eb176c5a,2,D781;D841,د مخابراتي شبکو د پراختیا لپاره د زیربناوو د شریکولو تړون;د مخابراتي شبکو د پراختیا لپاره د زیربناوو د شریکولو تړون لارښود,Telecommunications and ICT;Telecommunications and ICT,infrastructure sharing agreement;infrastructure sharing agreement guide,186,B_identical_text_different_metadata,False,True,False,MEDIUM
24,39120b950e065573,5,D417;D517;D577;D637;D693,د معلوماتي امنیت د پالیسۍ د بیاکتنې لارښود;د معلوماتي امنیت د پالیسۍ د بیاکتنې لارښود;د معلوماتي امنیت د پالیسۍ د بیاکتنې لارښود;د معلوماتي امنیت د پالیسۍ د بیاکتنې لارښود;د معلوماتي امنیت د پالیسۍ د بیاکتنې لارښود,Law and Regulations;Law and Regulations;Law and Regulations;Law and Regulations;Law and Regulations,security policy review;security policy review guide;security policy review guide;security policy review guide;security policy review guide,157,B_identical_text_different_metadata,True,True,False,MEDIUM
25,3ae795fb8b886d1d,5,D423;D523;D583;D643;D699,د مخابراتي خدماتو لپاره د انرژۍ د بیک اپ د ازموینې لارښود;د مخابراتي خدماتو لپاره د انرژۍ د بیک اپ د ازموینې لارښود;د مخابراتي خدماتو لپاره د انرژۍ د بیک اپ د ازموینې لارښود;د مخابراتي خدماتو لپاره د انرژۍ د بیک اپ د ازموینې لارښود;د مخابراتي خدماتو لپاره د انرژۍ د بیک اپ د ازموینې لارښود,Telecommunications and ICT;Telecommunications and ICT;Telecommunications and ICT;Telecommunications and ICT;Telecommunications and ICT,power backup testing;power backup testing guide;power backup testing guide;power backup testing guide;power backup testing guide,163,B_identical_text_different_metadata,True,True,False,MEDIUM
26,3b67002f048ab0ca,3,D305;D460;D510,د دولتي دفترونو لپاره د چاپیریال دوستانه کړنلار;د دولتي دفترونو لپاره د چاپیریال دوستانه کړنلار لارښود;د دولتي دفترونو لپاره د چاپیریال دوستانه کړنلار لارښود,Government and Administration;Government and Administration;Government and Administration,green office practices;green office guide;green office practices guide,229,B_identical_text_different_metadata,False,True,False,MEDIUM
27,3b804b1148ec2e33,2,D617;D677,د ځیرک کرنې لپاره د ټکنالوژۍ کارونه لارښود;د ځیرک کرنې لپاره د ټکنالوژۍ کارونه لارښود,Science and Technology;Science and Technology,smart agriculture guide;smart agriculture guide,195,A_identical_text_identical_metadata,True,True,True,LOW
28,3c8b1280f7150c24,2,D805;D865,د ډیجیټلي پیسو د لېږد لپاره د امنیتي پروتوکول لارښود;د ډیجیټلي پیسو د لېږد لپاره د امنیتي پروتوکول لارښود,Economy and Finance;Economy and Finance,digital money transfer security protocol;digital money transfer security protocol guide,123,B_identical_text_different_metadata,True,True,False,MEDIUM
29,3d38100874a1b80b,2,D325;D475,د انټرنیټي خدماتو لپاره د ډیټا د کارونې د عادلانه مدیریت لارښود;د انټرنیټي خدماتو لپاره د ډیټا د کارونې د عادلانه مدیریت لارښود,Telecommunications and ICT;Telecommunications and ICT,fair data management;fair data management guide,204,B_identical_text_different_metadata,True,True,False,MEDIUM
30,435a8838faa2c5b7,3,D404;D564;D624,د دولتي اسنادو د ارشیف د لاسرسي کنټرول لارښود;د دولتي اسنادو د ارشیف د لاسرسي کنټرول لارښود;د دولتي اسنادو د ارشیف د لاسرسي کنټرول لارښود,Government and Administration;Government and Administration;Government and Administration,archive access control;archive access control guide;archive access control guide,234,B_identical_text_different_metadata,True,True,False,MEDIUM
31,4459f28ed913fbab,3,D446;D606;D666,د مالي ټکنالوژۍ د شرکتونو لپاره د جواز د ترلاسه کولو لارښود;د مالي ټکنالوژۍ د شرکتونو لپاره د جواز د ترلاسه کولو لارښود;د مالي ټکنالوژۍ د شرکتونو لپاره د جواز د ترلاسه کولو لارښود,Economy and Finance;Economy and Finance;Economy and Finance,fintech licensing;fintech licensing guide;fintech licensing guide,121,B_identical_text_different_metadata,True,True,False,MEDIUM
32,461b1becd77392e9,2,D819;D879,د روبوټیک په مرسته د روغتیايي خدماتو ښه کول;د روبوټیک په مرسته د روغتیايي خدماتو ښه کول لارښود,Science and Technology;Science and Technology,robotics in healthcare;robotics in healthcare guide,144,B_identical_text_different_metadata,False,True,False,MEDIUM
33,4cc0580e14b8c345,2,D786;D846,د پنځم نسل شبکې د روغتیايي اغېزو د ارزونې لارښود;د پنځم نسل شبکې د روغتیايي اغېزو د ارزونې لارښود,Telecommunications and ICT;Telecommunications and ICT,5G health impact assessment;5G health impact assessment guide,392,B_identical_text_different_metadata,True,True,False,MEDIUM
34,4cec3b6fca23ed81,5,D449;D499;D549;D609;D669,د معلوماتي ټکنالوژۍ په مرسته د مالي خدماتو د لاسرسي پراخول;د معلوماتي ټکنالوژۍ په مرسته د مالي خدماتو د لاسرسي پراخول لارښود;د معلوماتي ټکنالوژۍ په مرسته د مالي خدماتو د لاسرسي پراخول لارښود;د معلوماتي ټکنالوژۍ په مرسته د مالي خدماتو د لاسرسي پراخول لارښود;د معلوماتي ټکنالوژۍ په مرسته د مالي خدماتو د لاسرسي پراخول لارښود,Economy and Finance;Economy and Finance;Economy and Finance;Economy and Finance;Economy and Finance,expanding financial access with IT;expanding financial access guide;expanding financial access guide;expanding financial access guide;expanding financial access guide,160,B_identical_text_different_metadata,False,True,False,MEDIUM
35,4eb08e420a126201,4,D407;D567;D627;D683,د دولتي خدماتو لپاره د بې سیمه شبکې کارول;د دولتي خدماتو لپاره د بې سیمه شبکې کارول لارښود;د دولتي خدماتو لپاره د بې سیمه شبکې کارول لارښود;د دولتي خدماتو لپاره د بې سیمه شبکې کارول لارښود,Government and Administration;Government and Administration;Government and Administration;Government and Administration,wireless network for services;wireless network usage guide;wireless network usage guide;wireless network usage guide,162,B_identical_text_different_metadata,False,True,False,MEDIUM
36,4fff7bebdc8dd812,5,D415;D515;D575;D635;D691,د ډیجیټلي اسنادو د تصدیق د مرکز د فعالیت لارښود;د ډیجیټلي اسنادو د تصدیق د مرکز د فعالیت لارښود;د ډیجیټلي اسنادو د تصدیق د مرکز د فعالیت لارښود;د ډیجیټلي اسنادو د تصدیق د مرکز د فعالیت لارښود;د ډیجیټلي اسنادو د تصدیق د مرکز د فعالیت لارښود,Law and Regulations;Law and Regulations;Law and Regulations;Law and Regulations;Law and Regulations,digital certification authority;digital certification authority guide;digital certification authority guide;digital certification authority guide;digital certification authority guide,226,B_identical_text_different_metadata,True,True,False,MEDIUM
37,50bad8657d73f4f5,4,D406;D566;D626;D682,د دولتي ودانیو د ساتنې لپاره د برېښنايي سیستم;د دولتي ودانیو د ساتنې لپاره د برېښنايي سیستم لارښود;د دولتي ودانیو د ساتنې لپاره د برېښنايي سیستم لارښود;د دولتي ودانیو د ساتنې لپاره د برېښنايي سیستم لارښود,Government and Administration;Government and Administration;Government and Administration;Government and Administration,building maintenance system;building maintenance system guide;building maintenance system guide;building maintenance system guide,198,B_identical_text_different_metadata,False,True,False,MEDIUM
38,523c7f4498e7f98b,2,D324;D474,د مخابراتي خدماتو د بیړني ترمیم لپاره چټک غبرګون ټیم;د مخابراتي خدماتو د بیړني ترمیم لپاره چټک غبرګون ټیم لارښود,Telecommunications and ICT;Telecommunications and ICT,rapid repair team;rapid repair team guide,169,B_identical_text_different_metadata,False,True,False,MEDIUM
39,5a6223e556ee4752,2,D330;D480,د مخابراتي شبکو د پراختیا لپاره د چاپیریالي اغېز ارزونه;د مخابراتي شبکو د پراختیا لپاره د چاپیریالي اغېز ارزونه لارښود,Telecommunications and ICT;Telecommunications and ICT,environmental impact of telecom;environmental impact guide,176,B_identical_text_different_metadata,False,True,False,MEDIUM
40,5c9f211f336dbb9d,4,D412;D572;D632;D688,د معلوماتي ټکنالوژۍ د امنیتي روزنې لپاره د کلني پلان لارښود;د معلوماتي ټکنالوژۍ د امنیتي روزنې لپاره د کلني پلان لارښود;د معلوماتي ټکنالوژۍ د امنیتي روزنې لپاره د کلني پلان لارښود;د معلوماتي ټکنالوژۍ د امنیتي روزنې لپاره د کلني پلان لارښود,Law and Regulations;Law and Regulations;Law and Regulations;Law and Regulations,annual IT security training plan;annual IT security training plan guide;annual IT security training plan guide;annual IT security training plan guide,217,B_identical_text_different_metadata,True,True,False,MEDIUM
41,5d187e958d57f829,2,D787;D847,د مخابراتي شبکو د ساتنې لپاره د مصنوعي ځیرکتیا کارول;د مخابراتي شبکو د ساتنې لپاره د مصنوعي ځیرکتیا کارول لارښود,Telecommunications and ICT;Telecommunications and ICT,AI for telecom network maintenance;AI for telecom network maintenance guide,172,B_identical_text_different_metadata,False,True,False,MEDIUM
42,5d706b5c95a224cd,4,D348;D553;D613;D673,د مصنوعي ځیرکتیا په مرسته د ترافیک مدیریت;د مصنوعي ځیرکتیا په مرسته د ترافیک مدیریت لارښود;د مصنوعي ځیرکتیا په مرسته د ترافیک مدیریت لارښود;د مصنوعي ځیرکتیا په مرسته د ترافیک مدیریت لارښود,Science and Technology;Science and Technology;Science and Technology;Science and Technology,AI traffic management;AI traffic management guide;AI traffic management guide;AI traffic management guide,178,B_identical_text_different_metadata,False,True,False,MEDIUM
43,5f9660402dd34c75,3,D430;D590;D650,د مخابراتي خدماتو د بیړني حالت په مهال د کاروونکو د خبرتیا سیستم;د مخابراتي خدماتو د بیړني حالت په مهال د کاروونکو د خبرتیا سیستم لارښود;د مخابراتي خدماتو د بیړني حالت په مهال د کاروونکو د خبرتیا سیستم لارښود,Telecommunications and ICT;Telecommunications and ICT;Telecommunications and ICT,emergency notification system;emergency notification system guide;emergency notification system guide,160,B_identical_text_different_metadata,False,True,False,MEDIUM
44,603bdcba559ec476,5,D416;D516;D576;D636;D692,د سایبري جرمونو د نړیوالې همکارۍ لارښود;د سایبري جرمونو د نړیوالې همکارۍ لارښود;د سایبري جرمونو د نړیوالې همکارۍ لارښود;د سایبري جرمونو د نړیوالې همکارۍ لارښود;د سایبري جرمونو د نړیوالې همکارۍ لارښود,Law and Regulations;Law and Regulations;Law and Regulations;Law and Regulations;Law and Regulations,international cybercrime cooperation;international cybercrime cooperation guide;international cybercrime cooperation guide;international cybercrime cooperation guide;international cybercrime cooperation guide,206,B_identical_text_different_metadata,True,True,False,MEDIUM
45,61503d81af1abdb0,2,D783;D843,د انټرنیټي خدماتو د بې طرفۍ د ساتنې لپاره قانوني چوکاټ;د انټرنیټي خدماتو د بې طرفۍ د ساتنې لپاره قانوني چوکاټ لارښود,Telecommunications and ICT;Telecommunications and ICT,net neutrality legal framework;net neutrality legal framework guide,432,B_identical_text_different_metadata,False,True,False,MEDIUM
46,622c755c6fa911c4,3,D429;D589;D649,د مخابراتي شبکو د پراختیا لپاره د چاپیریالي اغیزو د کمولو لارښود;د مخابراتي شبکو د پراختیا لپاره د چاپیریالي اغیزو د کمولو لارښود;د مخابراتي شبکو د پراختیا لپاره د چاپیریالي اغیزو د کمولو لارښود,Telecommunications and ICT;Telecommunications and ICT;Telecommunications and ICT,reducing environmental impact;reducing environmental impact guide;reducing environmental impact guide,156,B_identical_text_different_metadata,True,True,False,MEDIUM
47,629c298f4276d586,4,D439;D539;D599;D659,د ښوونکو لپاره د ډیجیټلي وسایلو د ساتنې لارښود;د ښوونکو لپاره د ډیجیټلي وسایلو د ساتنې لارښود;د ښوونکو لپاره د ډیجیټلي وسایلو د ساتنې لارښود;د ښوونکو لپاره د ډیجیټلي وسایلو د ساتنې لارښود,Education;Education;Education;Education,device maintenance for teachers;device maintenance for teachers guide;device maintenance for teachers guide;device maintenance for teachers guide,140,B_identical_text_different_metadata,True,True,False,MEDIUM
48,648491370289c6b4,2,D782;D842,د مخابراتي خدماتو لپاره د سپوږمکۍ د کارونې لارښود;د مخابراتي خدماتو لپاره د سپوږمکۍ د کارونې لارښود,Telecommunications and ICT;Telecommunications and ICT,satellite usage for telecom;satellite usage for telecom guide,161,B_identical_text_different_metadata,True,True,False,MEDIUM
49,671f463d96546d1e,3,D436;D596;D656,د ښوونځیو لپاره د ډیجیټلي زده کړې د محتوا د تازه کولو لارښود;د ښوونځیو لپاره د ډیجیټلي زده کړې د محتوا د تازه کولو لارښود;د ښوونځیو لپاره د ډیجیټلي زده کړې د محتوا د تازه کولو لارښود,Education;Education;Education,content update guide;content update guide;content update guide,133,A_identical_text_identical_metadata,True,True,True,LOW
50,6b554b494fed96a7,2,D778;D839,د برېښنايي اسنادو د لېږد لپاره د خوندي برېښنايي پوست لارښود;د برېښنايي اسنادو د لېږد لپاره د خوندي برېښنايي پوست لارښود,Law and Regulations;Law and Regulations,secure email for document transfer;secure email for document transfer guide,205,B_identical_text_different_metadata,True,True,False,MEDIUM
51,6bdc949e5ab08d20,3,D427;D587;D647,د انټرنیټي خدماتو د بې طرفۍ د څارنې لپاره تخنیکي وسیلې;د انټرنیټي خدماتو د بې طرفۍ د څارنې لپاره تخنیکي وسیلې لارښود;د انټرنیټي خدماتو د بې طرفۍ د څارنې لپاره تخنیکي وسیلې لارښود,Telecommunications and ICT;Telecommunications and ICT;Telecommunications and ICT,net neutrality monitoring tools;net neutrality monitoring tools guide;net neutrality monitoring tools guide,168,B_identical_text_different_metadata,False,True,False,MEDIUM
52,6e67eb3642576eed,2,D785;D845,د مخابراتي خدماتو د کاروونکو لپاره د معلوماتو د ساتنې لارښود;د مخابراتي خدماتو د کاروونکو لپاره د معلوماتو د ساتنې لارښود,Telecommunications and ICT;Telecommunications and ICT,consumer data protection in telecom;consumer data protection in telecom guide,178,B_identical_text_different_metadata,True,True,False,MEDIUM
53,6f3ec4314d4c2df2,2,D614;D674,د معلوماتي ټکنالوژۍ د پروژو د خطرونو د مدیریت لارښود;د معلوماتي ټکنالوژۍ د پروژو د خطرونو د مدیریت لارښود,Science and Technology;Science and Technology,IT project risk management guide;IT project risk management guide,125,A_identical_text_identical_metadata,True,True,True,LOW
54,6f4c2aeacef51f8f,2,D339;D492,د برېښنايي تادیاتو د امنیتي معیارونو لارښود;د برېښنايي تادیاتو د امنیتي معیارونو لارښود,Economy and Finance;Economy and Finance,e-payment security standards;e-payment security standards guide,170,B_identical_text_different_metadata,True,True,False,MEDIUM
55,70e7be8caa0a572c,4,D438;D538;D598;D658,د زدهکوونکو لپاره د ډیجیټلي امنیت د روزنې مواد;د زدهکوونکو لپاره د ډیجیټلي امنیت د روزنې مواد لارښود;د زدهکوونکو لپاره د ډیجیټلي امنیت د روزنې مواد لارښود;د زدهکوونکو لپاره د ډیجیټلي امنیت د روزنې مواد لارښود,Education;Education;Education;Education,student digital security materials;student digital security materials guide;student digital security materials guide;student digital security materials guide,138,B_identical_text_different_metadata,False,True,False,MEDIUM
56,723316365e2fd063,4,D435;D535;D595;D655,د زدهکوونکو د ارزونې لپاره د ډیجیټلي پورټ فولیو د کارونې لارښود;د زدهکوونکو د ارزونې لپاره د ډیجیټلي پورټ فولیو د کارونې لارښود;د زدهکوونکو د ارزونې لپاره د ډیجیټلي پورټ فولیو د کارونې لارښود;د زدهکوونکو د ارزونې لپاره د ډیجیټلي پورټ فولیو د کارونې لارښود,Education;Education;Education;Education,digital portfolio assessment;digital portfolio assessment guide;digital portfolio assessment guide;digital portfolio assessment guide,120,B_identical_text_different_metadata,True,True,False,MEDIUM
57,799b5a48273fd2aa,2,D333;D483,د زدهکوونکو لپاره د ډیجیټلي همکارۍ وسیلې;د زدهکوونکو لپاره د ډیجیټلي همکارۍ وسیلې لارښود,Education;Education,student collaboration tools;student collaboration tools guide,173,B_identical_text_different_metadata,False,True,False,MEDIUM
58,7b5d13677d803a4f,2,D798;D858,د ښوونکو لپاره د آنلاین تدریس د ارزونې لارښود;د ښوونکو لپاره د آنلاین تدریس د ارزونې لارښود,Education;Education,evaluating online teaching;evaluating online teaching guide,143,B_identical_text_different_metadata,True,True,False,MEDIUM
59,81cfeed1e656912b,3,D425;D585;D645,د مخابراتي شبکو د امنیتي زیانونو د ارزونې لارښود;د مخابراتي شبکو د امنیتي زیانونو د ارزونې لارښود;د مخابراتي شبکو د امنیتي زیانونو د ارزونې لارښود,Telecommunications and ICT;Telecommunications and ICT;Telecommunications and ICT,telecom vulnerability assessment;telecom vulnerability assessment guide;telecom vulnerability assessment guide,139,B_identical_text_different_metadata,True,True,False,MEDIUM
60,83de8ea0be88ad0d,4,D240;D556;D616;D676,د مصنوعي ځیرکتیا په مرسته د روغتیا تشخیص;د مصنوعي ځیرکتیا په مرسته د روغتیا تشخیص لارښود;د مصنوعي ځیرکتیا په مرسته د روغتیا تشخیص لارښود;د مصنوعي ځیرکتیا په مرسته د روغتیا تشخیص لارښود,Science and Technology;Science and Technology;Science and Technology;Science and Technology,AI health diagnosis;AI health diagnosis guide;AI health diagnosis guide;AI health diagnosis guide,204,B_identical_text_different_metadata,False,True,False,MEDIUM
61,861b0941dd35af94,4,D347;D552;D612;D672,د کوانټم شبکو د څېړنې لپاره لومړني ګامونه;د کوانټم شبکو د څېړنې لپاره لومړني ګامونه لارښود;د کوانټم شبکو د څېړنې لپاره لومړني ګامونه لارښود;د کوانټم شبکو د څېړنې لپاره لومړني ګامونه لارښود,Science and Technology;Science and Technology;Science and Technology;Science and Technology,quantum networks research;quantum networks research guide;quantum networks research guide;quantum networks research guide,202,B_identical_text_different_metadata,False,True,False,MEDIUM
62,899282ca05156705,2,D341;D494,د ګرځنده پیسو د کاروونکو لپاره د امنیتي لارښوونو کتابچه;د ګرځنده پیسو د کاروونکو لپاره د امنیتي لارښوونو کتابچه,Economy and Finance;Economy and Finance,mobile money security tips;mobile money security tips,148,A_identical_text_identical_metadata,True,True,True,LOW
63,8c6f71a07b0ff842,3,D402;D562;D622,د دولتي دفترونو لپاره د انرژۍ د سپما پلان;د دولتي دفترونو لپاره د انرژۍ د سپما پلان لارښود;د دولتي دفترونو لپاره د انرژۍ د سپما پلان لارښود,Government and Administration;Government and Administration;Government and Administration,office energy savings plan;office energy savings plan guide;office energy savings plan guide,228,B_identical_text_different_metadata,False,True,False,MEDIUM
64,8c7bb5edaae9b8eb,2,D381;D488,د زده کړې لپاره د ډیجیټلي وسایلو د اغېزمن کارونې لارښود;د زده کړې لپاره د ډیجیټلي وسایلو د اغېزمن کارونې لارښود,Education;Education,effective use of digital devices in education;effective device use guide,190,B_identical_text_different_metadata,True,True,False,MEDIUM
65,93ca41e095c2b757,2,D618;D678,د بایو انفارماتیک د څېړنې لارښود;د بایو انفارماتیک د څېړنې لارښود,Science and Technology;Science and Technology,bioinformatics guide;bioinformatics guide,243,A_identical_text_identical_metadata,True,True,True,LOW
66,981b65ac64095ebe,2,D316;D466,د برېښنايي لاسلیک د کارونې لپاره د کاروونکو روزنه;د برېښنايي لاسلیک د کارونې لپاره د کاروونکو روزنه لارښود,Law and Regulations;Law and Regulations,digital signature user training;digital signature training guide,176,B_identical_text_different_metadata,False,True,False,MEDIUM
67,9d2c725919304174,2,D776;D834,د برېښنايي معاملو د قانوني اسنادو د ساتنې مقرره;د برېښنايي معاملو لپاره د قانوني اسنادو د ساتنې لارښود,Law and Regulations;Law and Regulations,e-transaction legal document retention;legal document retention for e-transactions,146,B_identical_text_different_metadata,False,True,False,MEDIUM
68,a0dc36ec0a6d0c5a,4,D420;D580;D640;D696,د برېښنايي اسنادو د اوږدمهاله ساتنې لپاره د فارمیټ معیارونه;د برېښنايي اسنادو د اوږدمهاله ساتنې لپاره د فارمیټ معیارونه لارښود;د برېښنايي اسنادو د اوږدمهاله ساتنې لپاره د فارمیټ معیارونه لارښود;د برېښنايي اسنادو د اوږدمهاله ساتنې لپاره د فارمیټ معیارونه لارښود,Law and Regulations;Law and Regulations;Law and Regulations;Law and Regulations,long-term preservation formats;long-term preservation formats guide;long-term preservation formats guide;long-term preservation formats guide,151,B_identical_text_different_metadata,False,True,False,MEDIUM
69,a32c97260fbffe2d,2,D792;D852,د زدهکوونکو لپاره د آنلاین ارزونې پلیټ فارم لارښود;د زدهکوونکو لپاره د آنلاین ارزونې پلیټ فارم لارښود,Education;Education,online assessment platform for students;online assessment platform guide,223,B_identical_text_different_metadata,True,True,False,MEDIUM
70,a71bb8a8a78e2e79,2,D334;D484,د زده کړې د مدیریت سیستمونو لپاره د معلوماتو د خوندیتوب معیارونه;د زده کړې د مدیریت سیستمونو لپاره د معلوماتو د خوندیتوب معیارونه لارښود,Education;Education,LMS data security;LMS data security guide,200,B_identical_text_different_metadata,False,True,False,MEDIUM
71,aa07e3e21ae88fcd,3,D432;D592;D652,د زدهکوونکو لپاره د ډیجیټلي سواد د لوړولو پروګرام;د زدهکوونکو لپاره د ډیجیټلي سواد د لوړولو پروګرام لارښود;د زدهکوونکو لپاره د ډیجیټلي سواد د لوړولو پروګرام لارښود,Education;Education;Education,student digital literacy program;student digital literacy program guide;student digital literacy program guide,164,B_identical_text_different_metadata,False,True,False,MEDIUM
72,aaa43bdd199c7ccb,4,D422;D582;D642;D698,د ګرځنده شبکو د ظرفیت د لوړولو لپاره تخنیکي لارې;د ګرځنده شبکو د ظرفیت د لوړولو لپاره تخنیکي لارې لارښود;د ګرځنده شبکو د ظرفیت د لوړولو لپاره تخنیکي لارې لارښود;د ګرځنده شبکو د ظرفیت د لوړولو لپاره تخنیکي لارې لارښود,Telecommunications and ICT;Telecommunications and ICT;Telecommunications and ICT;Telecommunications and ICT,mobile network capacity;mobile network capacity guide;mobile network capacity guide;mobile network capacity guide,157,B_identical_text_different_metadata,False,True,False,MEDIUM
73,ab6efd91c84debba,2,D784;D844,د مخابراتي شبکو د ازموینې او تصدیق لپاره لابراتوار;د مخابراتي شبکو د ازموینې او تصدیق لپاره لابراتوار لارښود,Telecommunications and ICT;Telecommunications and ICT,telecom testing laboratory;telecom testing laboratory guide,190,B_identical_text_different_metadata,False,True,False,MEDIUM
74,b0e33b22ee3598a8,4,D421;D581;D641;D697,د مخابراتي شبکو د پوښښ د نقشو د تازه کولو لارښود;د مخابراتي شبکو د پوښښ د نقشو د تازه کولو لارښود;د مخابراتي شبکو د پوښښ د نقشو د تازه کولو لارښود;د مخابراتي شبکو د پوښښ د نقشو د تازه کولو لارښود,Telecommunications and ICT;Telecommunications and ICT;Telecommunications and ICT;Telecommunications and ICT,coverage map updates;coverage map updates guide;coverage map updates guide;coverage map updates guide,182,B_identical_text_different_metadata,True,True,False,MEDIUM
75,b10a131ea938b986,3,D403;D563;D623,د دولتي خدماتو لپاره د ژبې د ژباړې خدمت;د دولتي خدماتو لپاره د ژبې د ژباړې خدمت لارښود;د دولتي خدماتو لپاره د ژبې د ژباړې خدمت لارښود,Government and Administration;Government and Administration;Government and Administration,language translation service;language translation service guide;language translation service guide,172,B_identical_text_different_metadata,False,True,False,MEDIUM
76,b28a6971c2a67735,4,D410;D570;D630;D686,د دولتي معلوماتو د خپرولو لپاره د خلاصو معلوماتو پالیسي;د دولتي معلوماتو د خپرولو لپاره د خلاصو معلوماتو پالیسي لارښود;د دولتي معلوماتو د خپرولو لپاره د خلاصو معلوماتو پالیسي لارښود;د دولتي معلوماتو د خپرولو لپاره د خلاصو معلوماتو پالیسي لارښود,Government and Administration;Government and Administration;Government and Administration;Government and Administration,open data policy;open data policy guide;open data policy guide;open data policy guide,507,B_identical_text_different_metadata,False,True,False,MEDIUM
77,b2acaf826f747278,5,D411;D511;D571;D631;D687,د برېښنايي اسنادو د ارشیف د قانوني اعتبار مقرره;د برېښنايي اسنادو د ارشیف د قانوني اعتبار مقرره لارښود;د برېښنايي اسنادو د ارشیف د قانوني اعتبار مقرره لارښود;د برېښنايي اسنادو د ارشیف د قانوني اعتبار مقرره لارښود;د برېښنايي اسنادو د ارشیف د قانوني اعتبار مقرره لارښود,Law and Regulations;Law and Regulations;Law and Regulations;Law and Regulations;Law and Regulations,e-archive legal validity;e-archive legal validity guide;e-archive legal validity guide;e-archive legal validity guide;e-archive legal validity guide,253,B_identical_text_different_metadata,False,True,False,MEDIUM
78,ba51551376b63d50,2,D796;D856,د ښوونځیو لپاره د انټرنیټي خوندیتوب د روزنې پروګرام;د ښوونځیو لپاره د انټرنیټي خوندیتوب د روزنې پروګرام لارښود,Education;Education,school internet safety training program;school internet safety training program guide,186,B_identical_text_different_metadata,False,True,False,MEDIUM
79,baa90a797576d4be,2,D802;D862,د ګرځنده پیسو د کاروونکو لپاره د مالي زده کړې اپلیکېشن;د ګرځنده پیسو د کاروونکو لپاره د مالي زده کړې اپلیکېشن لارښود,Economy and Finance;Economy and Finance,mobile money financial literacy app;mobile money financial literacy app guide,135,B_identical_text_different_metadata,False,True,False,MEDIUM
80,beb8591758e2a8fd,4,D419;D579;D639;D695,د معلوماتي ټکنالوژۍ د امنیتي پیښو د غبرګون پلان;د معلوماتي ټکنالوژۍ د امنیتي پیښو د غبرګون پلان لارښود;د معلوماتي ټکنالوژۍ د امنیتي پیښو د غبرګون پلان لارښود;د معلوماتي ټکنالوژۍ د امنیتي پیښو د غبرګون پلان لارښود,Law and Regulations;Law and Regulations;Law and Regulations;Law and Regulations,IT incident response plan;IT incident response plan guide;IT incident response plan guide;IT incident response plan guide,180,B_identical_text_different_metadata,False,True,False,MEDIUM
81,bf459283c25b9b14,2,D619;D679,د روبوټیک په مرسته د جراحۍ لارښود;د روبوټیک په مرسته د جراحۍ لارښود,Science and Technology;Science and Technology,robotic surgery guide;robotic surgery guide,173,A_identical_text_identical_metadata,True,True,True,LOW
82,c229d2b7ece7b33a,3,D447;D607;D667,د برېښنايي سوداګرۍ لپاره د پیرودونکو د حقونو لارښود;د برېښنايي سوداګرۍ لپاره د پیرودونکو د حقونو لارښود;د برېښنايي سوداګرۍ لپاره د پیرودونکو د حقونو لارښود,Economy and Finance;Economy and Finance;Economy and Finance,e-commerce consumer rights;e-commerce consumer rights guide;e-commerce consumer rights guide,142,B_identical_text_different_metadata,True,True,False,MEDIUM
83,c5c2146f83f31711,2,D777;D838,د معلوماتي امنیت د پالیسۍ د نه پلي کولو جزاګانې;د معلوماتي امنیت د پالیسۍ د نه پلي کولو جزاګانې لارښود,Law and Regulations;Law and Regulations,penalties for non-compliance with IT security policy;penalties for non-compliance guide,155,B_identical_text_different_metadata,False,True,False,MEDIUM
84,c94beda94732f0e0,2,D320;D470,د معلوماتي امنیت د پالیسۍ د اړتیاوو لارښود;د معلوماتي امنیت د پالیسۍ د اړتیاوو لارښود,Law and Regulations;Law and Regulations,information security policy requirements;security policy requirements guide,201,B_identical_text_different_metadata,True,True,False,MEDIUM
85,cd0ca81fef610a39,3,D440;D600;D660,د زده کړې لپاره د معلوماتو د تحلیل د کارونې لارښود;د زده کړې لپاره د معلوماتو د تحلیل د کارونې لارښود;د زده کړې لپاره د معلوماتو د تحلیل د کارونې لارښود,Education;Education;Education,data analytics in education;data analytics in education guide;data analytics in education guide,146,B_identical_text_different_metadata,True,True,False,MEDIUM
86,d023b2ca15c0fcb0,2,D800;D860,د ښوونځیو لپاره د ډیجیټلي محتوا د جوړولو او شریکولو لارښود;د ښوونځیو لپاره د ډیجیټلي محتوا د جوړولو او شریکولو لارښود,Education;Education,creating and sharing digital content in schools;creating and sharing digital content guide,144,B_identical_text_different_metadata,True,True,False,MEDIUM
87,d2416342317d5cb0,3,D437;D597;D657,د زده کړې لپاره د مجازی واقعیت د کارونې لارښود;د زده کړې لپاره د مجازی واقعیت د کارونې لارښود;د زده کړې لپاره د مجازی واقعیت د کارونې لارښود,Education;Education;Education,virtual reality in education;virtual reality in education guide;virtual reality in education guide,137,B_identical_text_different_metadata,True,True,False,MEDIUM
88,d2d2b33d6960b4a7,2,D807;D867,د برېښنايي سوداګرۍ لپاره د مالیې د تادیې لارښود;د برېښنايي سوداګرۍ لپاره د مالیې د تادیې لارښود,Economy and Finance;Economy and Finance,e-commerce tax payment guide;e-commerce tax payment guide,119,A_identical_text_identical_metadata,True,True,True,LOW
89,d3afdb1cf67c7581,2,D773;D836,د سایبري جرمونو د قربانیانو لپاره د رواني مرستې پروګرام;د سایبري جرمونو د قربانیانو لپاره د رواني مرستې پروګرام لارښود,Law and Regulations;Law and Regulations,cybercrime victim psychological support;cybercrime victim psychological support guide,170,B_identical_text_different_metadata,False,True,False,MEDIUM
90,d55df7a7eb5b017f,5,D450;D500;D550;D610;D670,د مصنوعي ځیرکتیا په مرسته د مالي وړاندوینې سیستم;د مصنوعي ځیرکتیا په مرسته د مالي وړاندوینې سیستم لارښود;د مصنوعي ځیرکتیا په مرسته د مالي وړاندوینې سیستم لارښود;د مصنوعي ځیرکتیا په مرسته د مالي وړاندوینې سیستم لارښود;د مصنوعي ځیرکتیا په مرسته د مالي وړاندوینې سیستم لارښود,Economy and Finance;Economy and Finance;Economy and Finance;Economy and Finance;Economy and Finance,AI financial forecasting;AI financial forecasting guide;AI financial forecasting guide;AI financial forecasting guide;AI financial forecasting guide,148,B_identical_text_different_metadata,False,True,False,MEDIUM
91,d5858f6995a0ce16,3,D442;D602;D662,د ګرځنده پیسو د خدماتو لپاره د امنیتي پلټنو لارښود;د ګرځنده پیسو د خدماتو لپاره د امنیتي پلټنو لارښود;د ګرځنده پیسو د خدماتو لپاره د امنیتي پلټنو لارښود,Economy and Finance;Economy and Finance;Economy and Finance,mobile money security audit;mobile money security audit guide;mobile money security audit guide,114,B_identical_text_different_metadata,True,True,False,MEDIUM
92,d7fb55f8f052cc64,4,D405;D565;D625;D681,د دولتي خدماتو د ښه کولو لپاره د کاروونکو د نظرونو د راټولولو سیستم;د دولتي خدماتو د ښه کولو لپاره د کاروونکو د نظرونو د راټولولو سیستم لارښود;د دولتي خدماتو د ښه کولو لپاره د کاروونکو د نظرونو د راټولولو سیستم لارښود;د دولتي خدماتو د ښه کولو لپاره د کاروونکو د نظرونو د راټولولو سیستم لارښود,Government and Administration;Government and Administration;Government and Administration;Government and Administration,user feedback system;user feedback system guide;user feedback system guide;user feedback system guide,250,B_identical_text_different_metadata,False,True,False,MEDIUM
93,db2ee06108bbc32d,2,D788;D848,د مخابراتي خدماتو د نرخونو د تنظیم لارښود;د مخابراتي خدماتو د نرخونو د تنظیم لارښود,Telecommunications and ICT;Telecommunications and ICT,telecom tariff regulation;telecom tariff regulation guide,178,B_identical_text_different_metadata,True,True,False,MEDIUM
94,dc972a21d8eb1623,2,D344;D497,د برېښنايي سوداګرۍ لپاره د نړیوالو تادیاتو لارښود;د برېښنايي سوداګرۍ لپاره د نړیوالو تادیاتو لارښود,Economy and Finance;Economy and Finance,international e-commerce payments;international payments guide,168,B_identical_text_different_metadata,True,True,False,MEDIUM
95,dfc2ce7531fdbfc5,2,D326;D476,د مخابراتي شرکتونو لپاره د پیرودونکو د معلوماتو د ساتنې پروتوکول;د مخابراتي شرکتونو لپاره د پیرودونکو د معلوماتو د ساتنې پروتوکول لارښود,Telecommunications and ICT;Telecommunications and ICT,telecom customer data protection;customer data protection guide,163,B_identical_text_different_metadata,False,True,False,MEDIUM
96,dfc5f533609f5de4,4,D424;D584;D644;D700,د انټرنیټي خدماتو د کیفیت د شکایتونو د حل پروسه;د انټرنیټي خدماتو د کیفیت د شکایتونو د حل پروسه لارښود;د انټرنیټي خدماتو د کیفیت د شکایتونو د حل پروسه لارښود;د انټرنیټي خدماتو د کیفیت د شکایتونو د حل پروسه لارښود,Telecommunications and ICT;Telecommunications and ICT;Telecommunications and ICT;Telecommunications and ICT,internet quality complaint resolution;internet quality complaint resolution guide;internet quality complaint resolution guide;internet quality complaint resolution guide,163,B_identical_text_different_metadata,False,True,False,MEDIUM
97,e295df039246e01f,4,D445;D545;D605;D665,د ډیجیټلي پیسو د کارونې لپاره د مالیې د راپور ورکولو لارښود;د ډیجیټلي پیسو د کارونې لپاره د مالیې د راپور ورکولو لارښود;د ډیجیټلي پیسو د کارونې لپاره د مالیې د راپور ورکولو لارښود;د ډیجیټلي پیسو د کارونې لپاره د مالیې د راپور ورکولو لارښود,Economy and Finance;Economy and Finance;Economy and Finance;Economy and Finance,digital money tax reporting;digital money tax reporting guide;digital money tax reporting guide;digital money tax reporting guide,114,B_identical_text_different_metadata,True,True,False,MEDIUM
98,e49447675b54d895,2,D343;D496,د مالیاتي درغلیو د کشف لپاره د معلوماتو تحلیل;د مالیاتي درغلیو د کشف لپاره د معلوماتو تحلیل لارښود,Economy and Finance;Economy and Finance,tax fraud detection analytics;tax fraud detection guide,160,B_identical_text_different_metadata,False,True,False,MEDIUM
99,e570efd32001ecdc,4,D413;D573;D633;D689,د شخصي معلوماتو د ساتنې لپاره د تخنیکي تدابیرو لارښود;د شخصي معلوماتو د ساتنې لپاره د تخنیکي تدابیرو لارښود;د شخصي معلوماتو د ساتنې لپاره د تخنیکي تدابیرو لارښود;د شخصي معلوماتو د ساتنې لپاره د تخنیکي تدابیرو لارښود,Law and Regulations;Law and Regulations;Law and Regulations;Law and Regulations,technical measures for data protection;technical data protection measures guide;technical data protection measures guide;technical data protection measures guide,195,B_identical_text_different_metadata,True,True,False,MEDIUM
100,e6d3706016159c84,3,D431;D591;D651,د زده کړې لپاره د مصنوعي ځیرکتیا د کارونې اخلاقي اصول;د زده کړې لپاره د مصنوعي ځیرکتیا د کارونې اخلاقي اصول لارښود;د زده کړې لپاره د مصنوعي ځیرکتیا د کارونې اخلاقي اصول لارښود,Education;Education;Education,AI ethics in education;AI ethics in education guide;AI ethics in education guide,191,B_identical_text_different_metadata,False,True,False,MEDIUM
101,e7703cf38fd1194e,2,D817;D877,د معلوماتي ټکنالوژۍ په مرسته د ښاري ترافیک د مدیریت سیستم;د معلوماتي ټکنالوژۍ په مرسته د ښاري ترافیک د مدیریت سیستم لارښود,Science and Technology;Science and Technology,IT for urban traffic management;IT for urban traffic management guide,122,B_identical_text_different_metadata,False,True,False,MEDIUM
102,e8752dc7fbd4c956,2,D810;D870,د برېښنايي سوداګرۍ لپاره د بازار موندنې ډیجیټلي وسیلې;د برېښنايي سوداګرۍ لپاره د بازار موندنې ډیجیټلي وسیلې لارښود,Economy and Finance;Economy and Finance,digital marketing tools for e-commerce;digital marketing tools for e-commerce guide,139,B_identical_text_different_metadata,False,True,False,MEDIUM
103,e96accb95a12ed5a,2,D349;D554,د معلوماتي ټکنالوژۍ د پروژو د خطرونو د مدیریت لارښود;د معلوماتي ټکنالوژۍ د پروژو د خطرونو د مدیریت لارښود,Science and Technology;Science and Technology,IT project risk management;IT project risk management guide,158,B_identical_text_different_metadata,True,True,False,MEDIUM
104,ea37acef52d1cb56,4,D346;D551;D611;D671,د معلوماتي ټکنالوژۍ د امنیتي روزنې لپاره د مجازی حقیقت کارول;د معلوماتي ټکنالوژۍ د امنیتي روزنې لپاره د مجازی حقیقت کارول لارښود;د معلوماتي ټکنالوژۍ د امنیتي روزنې لپاره د مجازی حقیقت کارول لارښود;د معلوماتي ټکنالوژۍ د امنیتي روزنې لپاره د مجازی حقیقت کارول لارښود,Science and Technology;Science and Technology;Science and Technology;Science and Technology,VR for IT security training;VR for IT security training;VR for IT security training guide;VR for IT security training guide,185,B_identical_text_different_metadata,False,True,False,MEDIUM
105,ead05d0c5c731cef,4,D350;D555;D615;D675,د ساینسي معلوماتو د لیدلو لپاره د ډیټا ویزولیزیشن وسیلې;د ساینسي معلوماتو د لیدلو لپاره د ډیټا ویزولیزیشن وسیلې لارښود;د ساینسي معلوماتو د لیدلو لپاره د ډیټا ویزولیزیشن وسیلې لارښود;د ساینسي معلوماتو د لیدلو لپاره د ډیټا ویزولیزیشن وسیلې لارښود,Science and Technology;Science and Technology;Science and Technology;Science and Technology,data visualization tools;data visualization tools guide;data visualization tools guide;data visualization tools guide,160,B_identical_text_different_metadata,False,True,False,MEDIUM
106,eb29145e5da08223,2,D818;D878,د ساینسي معلوماتو د تحلیل لپاره د ماشین زده کړې کارول;د ساینسي معلوماتو د تحلیل لپاره د ماشین زده کړې کارول لارښود,Science and Technology;Science and Technology,machine learning for scientific data analysis;machine learning for scientific data analysis guide,132,B_identical_text_different_metadata,False,True,False,MEDIUM
107,eb5019b38b1ef2dd,4,D433;D533;D593;D653,د ښوونکو لپاره د آنلاین تدریس د مهارتونو روزنه;د ښوونکو لپاره د آنلاین تدریس د مهارتونو روزنه لارښود;د ښوونکو لپاره د آنلاین تدریس د مهارتونو روزنه لارښود;د ښوونکو لپاره د آنلاین تدریس د مهارتونو روزنه لارښود,Education;Education;Education;Education,online teaching skills;online teaching skills guide;online teaching skills guide;online teaching skills guide,137,B_identical_text_different_metadata,False,True,False,MEDIUM
108,edd1532dc9c024d7,2,D806;D866,د مالي ټکنالوژۍ د شرکتونو لپاره د معلوماتو د امنیت لارښود;د مالي ټکنالوژۍ د شرکتونو لپاره د معلوماتو د امنیت لارښود,Economy and Finance;Economy and Finance,fintech data security guide;fintech data security guide,134,A_identical_text_identical_metadata,True,True,True,LOW
109,ee6f7da7d1fc95ea,3,D448;D608;D668,د ډیجیټلي اقتصاد لپاره د مالي زده کړې د پروګرامونو پراختیا;د ډیجیټلي اقتصاد لپاره د مالي زده کړې د پروګرامونو پراختیا لارښود;د ډیجیټلي اقتصاد لپاره د مالي زده کړې د پروګرامونو پراختیا لارښود,Economy and Finance;Economy and Finance;Economy and Finance,financial literacy programs for digital economy;financial literacy programs guide;financial literacy programs guide,127,B_identical_text_different_metadata,False,True,False,MEDIUM
110,f65baeb143bf8ec0,2,D309;D458,د دولتي معلوماتو د خپرولو لپاره د منظم مهالوېش;د دولتي معلوماتو د خپرولو لپاره د منظم مهالوېش لارښود,Government and Administration;Government and Administration,data publication schedule;publication schedule guide,162,B_identical_text_different_metadata,False,True,False,MEDIUM
111,f9cbb7e67c7b1270,3,D444;D604;D664,د مالیاتي خدماتو د ډیجیټل کولو لپاره د پیرودونکو د باور جوړول;د مالیاتي خدماتو د ډیجیټل کولو لپاره د پیرودونکو د باور جوړول لارښود;د مالیاتي خدماتو د ډیجیټل کولو لپاره د پیرودونکو د باور جوړول لارښود,Economy and Finance;Economy and Finance;Economy and Finance,trust in digital financial services;trust in digital financial services guide;trust in digital financial services guide,148,B_identical_text_different_metadata,False,True,False,MEDIUM
112,fb5e81acfa71d460,4,D426;D526;D586;D646,د ګرځنده مخابراتو د بیړنیو زنګونو د لومړیتوب سیستم;د ګرځنده مخابراتو د بیړنیو زنګونو د لومړیتوب سیستم لارښود;د ګرځنده مخابراتو د بیړنیو زنګونو د لومړیتوب سیستم لارښود;د ګرځنده مخابراتو د بیړنیو زنګونو د لومړیتوب سیستم لارښود,Telecommunications and ICT;Telecommunications and ICT;Telecommunications and ICT;Telecommunications and ICT,emergency call priority;emergency call priority guide;emergency call priority guide;emergency call priority guide,142,B_identical_text_different_metadata,False,True,False,MEDIUM
113,fce9614031c8fc5b,3,D443;D603;D663,د کوچنیو سوداګرۍ لپاره د مالي مدیریت سافټویر لارښود;د کوچنیو سوداګرۍ لپاره د مالي مدیریت سافټویر لارښود;د کوچنیو سوداګرۍ لپاره د مالي مدیریت سافټویر لارښود,Economy and Finance;Economy and Finance;Economy and Finance,SME financial software;SME financial software guide;SME financial software guide,114,B_identical_text_different_metadata,True,True,False,MEDIUM
114,fed0e9acefcb7513,4,D408;D568;D628;D684,د دولتي اسنادو د بیړني لاسرسي پروتوکول;د دولتي اسنادو د بیړني لاسرسي پروتوکول لارښود;د دولتي اسنادو د بیړني لاسرسي پروتوکول لارښود;د دولتي اسنادو د بیړني لاسرسي پروتوکول لارښود,Government and Administration;Government and Administration;Government and Administration;Government and Administration,emergency document access;emergency document access guide;emergency document access guide;emergency document access guide,246,B_identical_text_different_metadata,False,True,False,MEDIUM
115,fff8378775437f89,4,D428;D528;D588;D648,د مخابراتي شرکتونو لپاره د پیرودونکو د معلوماتو د ساتنې روزنه;د مخابراتي شرکتونو لپاره د پیرودونکو د معلوماتو د ساتنې روزنه لارښود;د مخابراتي شرکتونو لپاره د پیرودونکو د معلوماتو د ساتنې روزنه لارښود;د مخابراتي شرکتونو لپاره د پیرودونکو د معلوماتو د ساتنې روزنه لارښود,Telecommunications and ICT;Telecommunications and ICT;Telecommunications and ICT;Telecommunications and ICT,telecom data protection training;telecom data protection training guide;telecom data protection training guide;telecom data protection training guide,153,B_identical_text_different_metadata,False,True,False,MEDIUM
