query_id_1,query_id_2,similarity,target_document_1,target_document_2,difficulty_1,difficulty_2,query_type_1,query_type_2,target_relationship
Q0900,Q0975,1.0,D900,D975,medium,medium,direct_information,direct_information,different_documents
Q0899,Q0974,1.0,D899,D974,hard,hard,procedural,procedural,different_documents
Q0855,Q0990,1.0,D855,D990,easy,easy,procedural,procedural,different_documents
Q0854,Q0989,1.0,D854,D989,hard,hard,procedural,procedural,different_documents
Q0853,Q0988,1.0,D853,D988,medium,medium,direct_information,direct_information,different_documents
Q0852,Q0987,1.0,D852,D987,easy,easy,direct_information,direct_information,different_documents
Q0851,Q0986,1.0,D851,D986,medium,medium,direct_information,direct_information,different_documents
Q0850,Q0985,1.0,D850,D985,easy,easy,procedural,procedural,different_documents
Q0849,Q0984,1.0,D849,D984,medium,medium,direct_information,direct_information,different_documents
Q0848,Q0983,1.0,D848,D983,hard,hard,procedural,procedural,different_documents
Q0847,Q0982,1.0,D847,D982,medium,medium,direct_information,direct_information,different_documents
Q0846,Q0981,1.0,D846,D981,hard,hard,procedural,procedural,different_documents
Q0845,Q0980,1.0,D845,D980,medium,medium,requirement,requirement,different_documents
Q0844,Q0979,1.0,D844,D979,easy,easy,direct_information,direct_information,different_documents
Q0843,Q0978,1.0,D843,D978,hard,hard,requirement,requirement,different_documents
Q0842,Q0977,1.0,D842,D977,medium,medium,procedural,procedural,different_documents
Q0841,Q0976,1.0,D841,D976,easy,easy,direct_information,direct_information,different_documents
Q0840,Q0975,1.0,D840,D975,medium,medium,direct_information,direct_information,different_documents
Q0328,Q0478,1.0,D328,D478,hard,hard,procedural,procedural,duplicate_or_near_duplicate_documents
Q0327,Q0477,1.0,D327,D477,easy,easy,procedural,procedural,duplicate_or_near_duplicate_documents
Q0326,Q0476,1.0,D326,D476,medium,medium,procedural,procedural,duplicate_or_near_duplicate_documents
Q0325,Q0475,1.0,D325,D475,hard,hard,requirement,requirement,duplicate_or_near_duplicate_documents
Q0324,Q0474,1.0,D324,D474,easy,easy,direct_information,direct_information,duplicate_or_near_duplicate_documents
Q0323,Q0473,1.0,D323,D473,hard,hard,procedural,procedural,duplicate_or_near_duplicate_documents
Q0322,Q0472,1.0,D322,D472,easy,easy,procedural,procedural,duplicate_or_near_duplicate_documents
Q0321,Q0471,1.0,D321,D471,medium,medium,procedural,procedural,duplicate_or_near_duplicate_documents
Q0320,Q0470,1.0,D320,D470,hard,hard,requirement,requirement,duplicate_or_near_duplicate_documents
Q0319,Q0469,1.0,D319,D469,easy,easy,direct_information,direct_information,duplicate_or_near_duplicate_documents
Q0318,Q0468,1.0,D318,D468,hard,hard,procedural,procedural,duplicate_or_near_duplicate_documents
Q0317,Q0467,1.0,D317,D467,medium,medium,requirement,requirement,duplicate_or_near_duplicate_documents
Q0316,Q0466,1.0,D316,D466,medium,medium,direct_information,direct_information,duplicate_or_near_duplicate_documents
Q0315,Q0465,1.0,D315,D465,hard,hard,requirement,requirement,duplicate_or_near_duplicate_documents
Q0314,Q0464,1.0,D314,D464,easy,easy,procedural,procedural,duplicate_or_near_duplicate_documents
Q0313,Q0463,1.0,D313,D463,medium,medium,requirement,requirement,duplicate_or_near_duplicate_documents
Q0344,Q0497,1.0,D344,D497,medium,medium,procedural,procedural,duplicate_or_near_duplicate_documents
Q0343,Q0496,1.0,D343,D496,medium,medium,procedural,procedural,duplicate_or_near_duplicate_documents
Q0342,Q0495,1.0,D342,D495,hard,hard,direct_information,direct_information,duplicate_or_near_duplicate_documents
Q0341,Q0494,1.0,D341,D494,easy,easy,procedural,procedural,duplicate_or_near_duplicate_documents
Q0340,Q0493,1.0,D340,D493,hard,hard,procedural,procedural,duplicate_or_near_duplicate_documents
Q0339,Q0492,1.0,D339,D492,easy,easy,direct_information,direct_information,duplicate_or_near_duplicate_documents
Q0338,Q0491,1.0,D338,D491,medium,hard,procedural,procedural,duplicate_or_near_duplicate_documents
Q0337,Q0487,1.0,D337,D487,hard,hard,direct_information,direct_information,duplicate_or_near_duplicate_documents
Q0336,Q0486,1.0,D336,D486,easy,easy,direct_information,direct_information,duplicate_or_near_duplicate_documents
Q0335,Q0485,1.0,D335,D485,medium,medium,procedural,procedural,duplicate_or_near_duplicate_documents
Q0334,Q0484,1.0,D334,D484,hard,hard,requirement,requirement,duplicate_or_near_duplicate_documents
Q0333,Q0483,1.0,D333,D483,easy,easy,direct_information,direct_information,duplicate_or_near_duplicate_documents
Q0332,Q0482,1.0,D332,D482,medium,medium,procedural,procedural,duplicate_or_near_duplicate_documents
Q0331,Q0481,1.0,D331,D481,easy,easy,procedural,procedural,duplicate_or_near_duplicate_documents
Q0330,Q0480,1.0,D330,D480,hard,hard,requirement,requirement,duplicate_or_near_duplicate_documents
Q0329,Q0479,1.0,D329,D479,medium,medium,direct_information,direct_information,duplicate_or_near_duplicate_documents
Q0401,Q0561,1.0,D401,D561,easy,easy,procedural,procedural,duplicate_or_near_duplicate_documents
Q0383,Q0490,1.0,D383,D490,medium,medium,direct_information,direct_information,duplicate_or_near_duplicate_documents
Q0382,Q0489,1.0,D382,D489,easy,easy,direct_information,direct_information,duplicate_or_near_duplicate_documents
Q0350,Q0655,1.0,D350,D655,easy,easy,direct_information,direct_information,different_documents
Q0350,Q0555,1.0,D350,D555,easy,easy,direct_information,direct_information,duplicate_or_near_duplicate_documents
Q0349,Q0654,1.0,D349,D654,hard,hard,procedural,procedural,different_documents
Q0349,Q0554,1.0,D349,D554,hard,hard,procedural,procedural,duplicate_or_near_duplicate_documents
Q0348,Q0653,1.0,D348,D653,medium,medium,direct_information,direct_information,different_documents
Q0348,Q0553,1.0,D348,D553,medium,medium,direct_information,direct_information,duplicate_or_near_duplicate_documents
Q0347,Q0652,1.0,D347,D652,medium,medium,direct_information,direct_information,different_documents
Q0347,Q0552,1.0,D347,D552,medium,medium,direct_information,direct_information,duplicate_or_near_duplicate_documents
Q0346,Q0651,1.0,D346,D651,hard,hard,direct_information,direct_information,different_documents
Q0346,Q0551,1.0,D346,D551,hard,hard,direct_information,direct_information,duplicate_or_near_duplicate_documents
Q0345,Q0498,1.0,D345,D498,easy,easy,direct_information,direct_information,different_documents
Q0411,Q0511,1.0,D411,D511,medium,medium,requirement,requirement,duplicate_or_near_duplicate_documents
Q0410,Q0666,1.0,D410,D666,hard,hard,requirement,requirement,different_documents
Q0410,Q0570,1.0,D410,D570,hard,hard,requirement,requirement,duplicate_or_near_duplicate_documents
Q0410,Q0508,1.0,D410,D508,hard,hard,requirement,requirement,duplicate_or_near_duplicate_documents
Q0409,Q0665,1.0,D409,D665,medium,medium,requirement,requirement,different_documents
Q0409,Q0569,1.0,D409,D569,medium,medium,requirement,requirement,duplicate_or_near_duplicate_documents
Q0408,Q0664,1.0,D408,D664,hard,hard,procedural,procedural,different_documents
Q0408,Q0568,1.0,D408,D568,hard,hard,procedural,procedural,duplicate_or_near_duplicate_documents
Q0407,Q0663,1.0,D407,D663,medium,medium,direct_information,direct_information,different_documents
Q0407,Q0567,1.0,D407,D567,medium,medium,direct_information,direct_information,duplicate_or_near_duplicate_documents
Q0407,Q0506,1.0,D407,D506,medium,easy,direct_information,direct_information,duplicate_or_near_duplicate_documents
Q0406,Q0566,1.0,D406,D566,easy,easy,direct_information,direct_information,duplicate_or_near_duplicate_documents
Q0405,Q0565,1.0,D405,D565,hard,hard,procedural,procedural,duplicate_or_near_duplicate_documents
Q0404,Q0564,1.0,D404,D564,medium,medium,procedural,procedural,duplicate_or_near_duplicate_documents
Q0403,Q0563,1.0,D403,D563,hard,hard,indirect,indirect,duplicate_or_near_duplicate_documents
Q0402,Q0562,1.0,D402,D562,medium,medium,direct_information,direct_information,duplicate_or_near_duplicate_documents
Q0416,Q0516,1.0,D416,D516,hard,hard,requirement,requirement,duplicate_or_near_duplicate_documents
Q0415,Q0671,1.0,D415,D671,hard,hard,direct_information,direct_information,different_documents
Q0415,Q0575,1.0,D415,D575,hard,hard,direct_information,direct_information,duplicate_or_near_duplicate_documents
Q0415,Q0515,1.0,D415,D515,hard,hard,direct_information,direct_information,duplicate_or_near_duplicate_documents
Q0414,Q0670,1.0,D414,D670,medium,medium,direct_information,direct_information,different_documents
Q0414,Q0574,1.0,D414,D574,medium,medium,direct_information,direct_information,duplicate_or_near_duplicate_documents
Q0414,Q0514,1.0,D414,D514,medium,medium,direct_information,direct_information,duplicate_or_near_duplicate_documents
Q0413,Q0669,1.0,D413,D669,easy,easy,direct_information,direct_information,different_documents
Q0413,Q0573,1.0,D413,D573,easy,easy,direct_information,direct_information,duplicate_or_near_duplicate_documents
Q0413,Q0513,1.0,D413,D513,easy,easy,direct_information,direct_information,duplicate_or_near_duplicate_documents
Q0412,Q0668,1.0,D412,D668,hard,hard,procedural,procedural,different_documents
Q0412,Q0572,1.0,D412,D572,hard,hard,procedural,procedural,duplicate_or_near_duplicate_documents
Q0412,Q0512,1.0,D412,D512,hard,hard,procedural,procedural,different_documents
Q0411,Q0667,1.0,D411,D667,medium,medium,requirement,requirement,different_documents
Q0411,Q0571,1.0,D411,D571,medium,medium,requirement,requirement,duplicate_or_near_duplicate_documents
Q0422,Q0522,1.0,D422,D522,hard,hard,requirement,requirement,duplicate_or_near_duplicate_documents
Q0420,Q0676,1.0,D420,D676,easy,easy,direct_information,direct_information,different_documents
Q0420,Q0580,1.0,D420,D580,easy,easy,direct_information,direct_information,duplicate_or_near_duplicate_documents
Q0420,Q0520,1.0,D420,D520,easy,easy,direct_information,direct_information,duplicate_or_near_duplicate_documents
Q0419,Q0675,1.0,D419,D675,hard,hard,procedural,procedural,different_documents
Q0419,Q0579,1.0,D419,D579,hard,hard,procedural,procedural,duplicate_or_near_duplicate_documents
Q0419,Q0519,1.0,D419,D519,hard,hard,procedural,procedural,duplicate_or_near_duplicate_documents
Q0418,Q0674,1.0,D418,D674,medium,medium,requirement,requirement,different_documents
Q0418,Q0578,1.0,D418,D578,medium,medium,requirement,requirement,duplicate_or_near_duplicate_documents
Q0418,Q0518,1.0,D418,D518,medium,medium,requirement,requirement,different_documents
Q0417,Q0673,1.0,D417,D673,easy,easy,direct_information,direct_information,different_documents
Q0417,Q0577,1.0,D417,D577,easy,easy,direct_information,direct_information,duplicate_or_near_duplicate_documents
Q0417,Q0517,1.0,D417,D517,easy,easy,direct_information,direct_information,duplicate_or_near_duplicate_documents
Q0416,Q0672,1.0,D416,D672,hard,hard,requirement,requirement,different_documents
Q0416,Q0576,1.0,D416,D576,hard,hard,requirement,requirement,duplicate_or_near_duplicate_documents
Q0426,Q0626,1.0,D426,D626,easy,easy,direct_information,direct_information,different_documents
Q0426,Q0586,1.0,D426,D586,easy,easy,direct_information,direct_information,duplicate_or_near_duplicate_documents
Q0426,Q0526,1.0,D426,D526,easy,easy,direct_information,direct_information,duplicate_or_near_duplicate_documents
Q0425,Q0681,1.0,D425,D681,hard,hard,requirement,requirement,different_documents
Q0425,Q0585,1.0,D425,D585,hard,hard,requirement,requirement,duplicate_or_near_duplicate_documents
Q0425,Q0525,1.0,D425,D525,hard,hard,requirement,requirement,duplicate_or_near_duplicate_documents
Q0424,Q0680,1.0,D424,D680,medium,medium,procedural,procedural,different_documents
Q0424,Q0584,1.0,D424,D584,medium,medium,procedural,procedural,duplicate_or_near_duplicate_documents
Q0424,Q0524,1.0,D424,D524,medium,medium,procedural,procedural,different_documents
Q0423,Q0679,1.0,D423,D679,easy,easy,procedural,procedural,different_documents
Q0423,Q0583,1.0,D423,D583,easy,easy,procedural,procedural,duplicate_or_near_duplicate_documents
Q0423,Q0523,1.0,D423,D523,easy,easy,procedural,procedural,duplicate_or_near_duplicate_documents
Q0422,Q0678,1.0,D422,D678,hard,hard,requirement,requirement,different_documents
Q0422,Q0582,1.0,D422,D582,hard,hard,requirement,requirement,duplicate_or_near_duplicate_documents
Q0431,Q0687,1.0,D431,D687,hard,hard,requirement,requirement,different_documents
Q0431,Q0591,1.0,D431,D591,hard,hard,requirement,requirement,duplicate_or_near_duplicate_documents
Q0431,Q0531,1.0,D431,D531,hard,hard,requirement,requirement,duplicate_or_near_duplicate_documents
Q0430,Q0686,1.0,D430,D686,medium,medium,procedural,procedural,different_documents
Q0430,Q0590,1.0,D430,D590,medium,medium,procedural,procedural,duplicate_or_near_duplicate_documents
Q0430,Q0530,1.0,D430,D530,medium,medium,procedural,procedural,duplicate_or_near_duplicate_documents
Q0429,Q0685,1.0,D429,D685,hard,hard,requirement,requirement,different_documents
Q0429,Q0589,1.0,D429,D589,hard,hard,requirement,requirement,duplicate_or_near_duplicate_documents
Q0429,Q0529,1.0,D429,D529,hard,hard,requirement,requirement,duplicate_or_near_duplicate_documents
Q0428,Q0684,1.0,D428,D684,medium,medium,procedural,procedural,different_documents
Q0428,Q0588,1.0,D428,D588,medium,medium,procedural,procedural,duplicate_or_near_duplicate_documents
Q0428,Q0528,1.0,D428,D528,medium,medium,procedural,procedural,duplicate_or_near_duplicate_documents
Q0427,Q0683,1.0,D427,D683,hard,hard,direct_information,direct_information,different_documents
Q0427,Q0587,1.0,D427,D587,hard,hard,direct_information,direct_information,duplicate_or_near_duplicate_documents
Q0427,Q0527,1.0,D427,D527,hard,hard,direct_information,direct_information,duplicate_or_near_duplicate_documents
Q0426,Q0682,1.0,D426,D682,easy,easy,direct_information,direct_information,different_documents
Q0435,Q0691,1.0,D435,D691,easy,easy,procedural,procedural,different_documents
Q0435,Q0635,1.0,D435,D635,easy,easy,procedural,procedural,different_documents
Q0435,Q0595,1.0,D435,D595,easy,easy,procedural,procedural,duplicate_or_near_duplicate_documents
Q0435,Q0535,1.0,D435,D535,easy,easy,procedural,procedural,duplicate_or_near_duplicate_documents
Q0434,Q0690,1.0,D434,D690,hard,hard,procedural,procedural,different_documents
Q0434,Q0634,1.0,D434,D634,hard,hard,procedural,procedural,different_documents
Q0434,Q0594,1.0,D434,D594,hard,hard,procedural,procedural,duplicate_or_near_duplicate_documents
Q0434,Q0534,1.0,D434,D534,hard,hard,procedural,procedural,duplicate_or_near_duplicate_documents
Q0433,Q0689,1.0,D433,D689,medium,medium,direct_information,direct_information,different_documents
Q0433,Q0633,1.0,D433,D633,medium,medium,direct_information,direct_information,different_documents
Q0433,Q0593,1.0,D433,D593,medium,medium,direct_information,direct_information,duplicate_or_near_duplicate_documents
Q0433,Q0533,1.0,D433,D533,medium,medium,direct_information,direct_information,duplicate_or_near_duplicate_documents
Q0432,Q0688,1.0,D432,D688,easy,easy,direct_information,direct_information,different_documents
Q0432,Q0632,1.0,D432,D632,easy,easy,direct_information,direct_information,different_documents
Q0432,Q0592,1.0,D432,D592,easy,easy,direct_information,direct_information,duplicate_or_near_duplicate_documents
Q0432,Q0532,1.0,D432,D532,easy,easy,direct_information,direct_information,duplicate_or_near_duplicate_documents
Q0439,Q0695,1.0,D439,D695,medium,medium,procedural,procedural,different_documents
Q0439,Q0639,1.0,D439,D639,medium,medium,procedural,procedural,different_documents
Q0439,Q0599,1.0,D439,D599,medium,medium,procedural,procedural,duplicate_or_near_duplicate_documents
Q0439,Q0539,1.0,D439,D539,medium,medium,procedural,procedural,duplicate_or_near_duplicate_documents
Q0438,Q0694,1.0,D438,D694,easy,easy,direct_information,direct_information,different_documents
Q0438,Q0638,1.0,D438,D638,easy,easy,direct_information,direct_information,different_documents
Q0438,Q0598,1.0,D438,D598,easy,easy,direct_information,direct_information,duplicate_or_near_duplicate_documents
Q0438,Q0538,1.0,D438,D538,easy,easy,direct_information,direct_information,duplicate_or_near_duplicate_documents
Q0437,Q0693,1.0,D437,D693,hard,hard,direct_information,direct_information,different_documents
Q0437,Q0637,1.0,D437,D637,hard,hard,direct_information,direct_information,different_documents
Q0437,Q0597,1.0,D437,D597,hard,hard,direct_information,direct_information,duplicate_or_near_duplicate_documents
Q0437,Q0537,1.0,D437,D537,hard,hard,direct_information,direct_information,duplicate_or_near_duplicate_documents
Q0436,Q0692,1.0,D436,D692,medium,medium,procedural,procedural,different_documents
Q0436,Q0636,1.0,D436,D636,medium,medium,procedural,procedural,different_documents
Q0436,Q0596,1.0,D436,D596,medium,medium,procedural,procedural,duplicate_or_near_duplicate_documents
Q0436,Q0536,1.0,D436,D536,medium,medium,procedural,procedural,duplicate_or_near_duplicate_documents
Q0444,Q0644,1.0,D444,D644,hard,hard,procedural,procedural,different_documents
Q0444,Q0544,1.0,D444,D544,hard,hard,procedural,procedural,duplicate_or_near_duplicate_documents
Q0443,Q0699,1.0,D443,D699,easy,easy,direct_information,direct_information,different_documents
Q0443,Q0643,1.0,D443,D643,easy,easy,direct_information,direct_information,different_documents
Q0443,Q0543,1.0,D443,D543,easy,easy,direct_information,direct_information,duplicate_or_near_duplicate_documents
Q0442,Q0698,1.0,D442,D698,hard,hard,procedural,procedural,different_documents
Q0442,Q0642,1.0,D442,D642,hard,hard,procedural,procedural,different_documents
Q0442,Q0542,1.0,D442,D542,hard,hard,procedural,procedural,duplicate_or_near_duplicate_documents
Q0441,Q0697,1.0,D441,D697,medium,medium,procedural,procedural,different_documents
Q0441,Q0641,1.0,D441,D641,medium,medium,procedural,procedural,different_documents
Q0441,Q0541,1.0,D441,D541,medium,medium,procedural,procedural,duplicate_or_near_duplicate_documents
Q0440,Q0696,1.0,D440,D696,hard,hard,direct_information,direct_information,different_documents
Q0440,Q0640,1.0,D440,D640,hard,hard,direct_information,direct_information,different_documents
Q0440,Q0600,1.0,D440,D600,hard,hard,direct_information,direct_information,duplicate_or_near_duplicate_documents
Q0440,Q0540,1.0,D440,D540,hard,hard,direct_information,direct_information,duplicate_or_near_duplicate_documents
Q0450,Q0650,1.0,D450,D650,medium,medium,direct_information,direct_information,different_documents
Q0450,Q0550,1.0,D450,D550,medium,medium,direct_information,direct_information,duplicate_or_near_duplicate_documents
Q0450,Q0500,1.0,D450,D500,medium,medium,direct_information,direct_information,duplicate_or_near_duplicate_documents
Q0449,Q0649,1.0,D449,D649,hard,hard,direct_information,direct_information,different_documents
Q0449,Q0549,1.0,D449,D549,hard,hard,direct_information,direct_information,duplicate_or_near_duplicate_documents
Q0449,Q0499,1.0,D449,D499,hard,hard,direct_information,direct_information,duplicate_or_near_duplicate_documents
Q0448,Q0648,1.0,D448,D648,hard,hard,procedural,procedural,different_documents
Q0448,Q0548,1.0,D448,D548,hard,hard,procedural,procedural,duplicate_or_near_duplicate_documents
Q0447,Q0647,1.0,D447,D647,medium,medium,direct_information,direct_information,different_documents
Q0447,Q0547,1.0,D447,D547,medium,medium,direct_information,direct_information,duplicate_or_near_duplicate_documents
Q0446,Q0646,1.0,D446,D646,easy,easy,procedural,procedural,different_documents
Q0446,Q0546,1.0,D446,D546,easy,easy,procedural,procedural,duplicate_or_near_duplicate_documents
Q0445,Q0645,1.0,D445,D645,medium,medium,procedural,procedural,different_documents
Q0445,Q0545,1.0,D445,D545,medium,medium,procedural,procedural,duplicate_or_near_duplicate_documents
Q0513,Q0669,1.0,D513,D669,easy,easy,direct_information,direct_information,different_documents
Q0513,Q0573,1.0,D513,D573,easy,easy,direct_information,direct_information,duplicate_or_near_duplicate_documents
Q0512,Q0668,1.0,D512,D668,hard,hard,procedural,procedural,different_documents
Q0512,Q0572,1.0,D512,D572,hard,hard,procedural,procedural,different_documents
Q0511,Q0667,1.0,D511,D667,medium,medium,requirement,requirement,different_documents
Q0511,Q0571,1.0,D511,D571,medium,medium,requirement,requirement,duplicate_or_near_duplicate_documents
Q0508,Q0666,1.0,D508,D666,hard,hard,requirement,requirement,different_documents
Q0508,Q0570,1.0,D508,D570,hard,hard,requirement,requirement,duplicate_or_near_duplicate_documents
Q0506,Q0663,1.0,D506,D663,easy,medium,direct_information,direct_information,different_documents
Q0506,Q0567,1.0,D506,D567,easy,medium,direct_information,direct_information,duplicate_or_near_duplicate_documents
Q0500,Q0650,1.0,D500,D650,medium,medium,direct_information,direct_information,different_documents
Q0500,Q0550,1.0,D500,D550,medium,medium,direct_information,direct_information,duplicate_or_near_duplicate_documents
Q0499,Q0649,1.0,D499,D649,hard,hard,direct_information,direct_information,different_documents
Q0499,Q0549,1.0,D499,D549,hard,hard,direct_information,direct_information,duplicate_or_near_duplicate_documents
Q0460,Q0510,1.0,D460,D510,medium,medium,requirement,requirement,duplicate_or_near_duplicate_documents
Q0521,Q0581,1.0,D521,D581,medium,medium,direct_information,direct_information,duplicate_or_near_duplicate_documents
Q0520,Q0676,1.0,D520,D676,easy,easy,direct_information,direct_information,different_documents
Q0520,Q0580,1.0,D520,D580,easy,easy,direct_information,direct_information,duplicate_or_near_duplicate_documents
Q0519,Q0675,1.0,D519,D675,hard,hard,procedural,procedural,different_documents
Q0519,Q0579,1.0,D519,D579,hard,hard,procedural,procedural,duplicate_or_near_duplicate_documents
Q0518,Q0674,1.0,D518,D674,medium,medium,requirement,requirement,different_documents
Q0518,Q0578,1.0,D518,D578,medium,medium,requirement,requirement,different_documents
Q0517,Q0673,1.0,D517,D673,easy,easy,direct_information,direct_information,different_documents
Q0517,Q0577,1.0,D517,D577,easy,easy,direct_information,direct_information,duplicate_or_near_duplicate_documents
Q0516,Q0672,1.0,D516,D672,hard,hard,requirement,requirement,different_documents
Q0516,Q0576,1.0,D516,D576,hard,hard,requirement,requirement,duplicate_or_near_duplicate_documents
Q0515,Q0671,1.0,D515,D671,hard,hard,direct_information,direct_information,different_documents
Q0515,Q0575,1.0,D515,D575,hard,hard,direct_information,direct_information,duplicate_or_near_duplicate_documents
Q0514,Q0670,1.0,D514,D670,medium,medium,direct_information,direct_information,different_documents
Q0514,Q0574,1.0,D514,D574,medium,medium,direct_information,direct_information,duplicate_or_near_duplicate_documents
Q0527,Q0587,1.0,D527,D587,hard,hard,direct_information,direct_information,duplicate_or_near_duplicate_documents
Q0526,Q0682,1.0,D526,D682,easy,easy,direct_information,direct_information,different_documents
Q0526,Q0626,1.0,D526,D626,easy,easy,direct_information,direct_information,different_documents
Q0526,Q0586,1.0,D526,D586,easy,easy,direct_information,direct_information,duplicate_or_near_duplicate_documents
Q0525,Q0681,1.0,D525,D681,hard,hard,requirement,requirement,different_documents
Q0525,Q0585,1.0,D525,D585,hard,hard,requirement,requirement,duplicate_or_near_duplicate_documents
Q0524,Q0680,1.0,D524,D680,medium,medium,procedural,procedural,different_documents
Q0524,Q0584,1.0,D524,D584,medium,medium,procedural,procedural,different_documents
Q0523,Q0679,1.0,D523,D679,easy,easy,procedural,procedural,different_documents
Q0523,Q0583,1.0,D523,D583,easy,easy,procedural,procedural,duplicate_or_near_duplicate_documents
Q0522,Q0678,1.0,D522,D678,hard,hard,requirement,requirement,different_documents
Q0522,Q0582,1.0,D522,D582,hard,hard,requirement,requirement,duplicate_or_near_duplicate_documents
Q0521,Q0677,1.0,D521,D677,medium,medium,direct_information,direct_information,different_documents
Q0534,Q0594,1.0,D534,D594,hard,hard,procedural,procedural,duplicate_or_near_duplicate_documents
Q0533,Q0689,1.0,D533,D689,medium,medium,direct_information,direct_information,different_documents
Q0533,Q0633,1.0,D533,D633,medium,medium,direct_information,direct_information,different_documents
Q0533,Q0593,1.0,D533,D593,medium,medium,direct_information,direct_information,duplicate_or_near_duplicate_documents
Q0532,Q0688,1.0,D532,D688,easy,easy,direct_information,direct_information,different_documents
Q0532,Q0632,1.0,D532,D632,easy,easy,direct_information,direct_information,different_documents
Q0532,Q0592,1.0,D532,D592,easy,easy,direct_information,direct_information,duplicate_or_near_duplicate_documents
Q0531,Q0687,1.0,D531,D687,hard,hard,requirement,requirement,different_documents
Q0531,Q0591,1.0,D531,D591,hard,hard,requirement,requirement,duplicate_or_near_duplicate_documents
Q0530,Q0686,1.0,D530,D686,medium,medium,procedural,procedural,different_documents
Q0530,Q0590,1.0,D530,D590,medium,medium,procedural,procedural,duplicate_or_near_duplicate_documents
Q0529,Q0685,1.0,D529,D685,hard,hard,requirement,requirement,different_documents
Q0529,Q0589,1.0,D529,D589,hard,hard,requirement,requirement,duplicate_or_near_duplicate_documents
Q0528,Q0684,1.0,D528,D684,medium,medium,procedural,procedural,different_documents
Q0528,Q0588,1.0,D528,D588,medium,medium,procedural,procedural,duplicate_or_near_duplicate_documents
Q0527,Q0683,1.0,D527,D683,hard,hard,direct_information,direct_information,different_documents
Q0539,Q0639,1.0,D539,D639,medium,medium,procedural,procedural,different_documents
Q0539,Q0599,1.0,D539,D599,medium,medium,procedural,procedural,duplicate_or_near_duplicate_documents
Q0538,Q0694,1.0,D538,D694,easy,easy,direct_information,direct_information,different_documents
Q0538,Q0638,1.0,D538,D638,easy,easy,direct_information,direct_information,different_documents
Q0538,Q0598,1.0,D538,D598,easy,easy,direct_information,direct_information,duplicate_or_near_duplicate_documents
Q0537,Q0693,1.0,D537,D693,hard,hard,direct_information,direct_information,different_documents
Q0537,Q0637,1.0,D537,D637,hard,hard,direct_information,direct_information,different_documents
Q0537,Q0597,1.0,D537,D597,hard,hard,direct_information,direct_information,duplicate_or_near_duplicate_documents
Q0536,Q0692,1.0,D536,D692,medium,medium,procedural,procedural,different_documents
Q0536,Q0636,1.0,D536,D636,medium,medium,procedural,procedural,different_documents
Q0536,Q0596,1.0,D536,D596,medium,medium,procedural,procedural,duplicate_or_near_duplicate_documents
Q0535,Q0691,1.0,D535,D691,easy,easy,procedural,procedural,different_documents
Q0535,Q0635,1.0,D535,D635,easy,easy,procedural,procedural,different_documents
Q0535,Q0595,1.0,D535,D595,easy,easy,procedural,procedural,duplicate_or_near_duplicate_documents
Q0534,Q0690,1.0,D534,D690,hard,hard,procedural,procedural,different_documents
Q0534,Q0634,1.0,D534,D634,hard,hard,procedural,procedural,different_documents
Q0548,Q0648,1.0,D548,D648,hard,hard,procedural,procedural,different_documents
Q0547,Q0647,1.0,D547,D647,medium,medium,direct_information,direct_information,different_documents
Q0546,Q0646,1.0,D546,D646,easy,easy,procedural,procedural,different_documents
Q0545,Q0645,1.0,D545,D645,medium,medium,procedural,procedural,different_documents
Q0544,Q0644,1.0,D544,D644,hard,hard,procedural,procedural,different_documents
Q0543,Q0699,1.0,D543,D699,easy,easy,direct_information,direct_information,different_documents
Q0543,Q0643,1.0,D543,D643,easy,easy,direct_information,direct_information,different_documents
Q0542,Q0698,1.0,D542,D698,hard,hard,procedural,procedural,different_documents
Q0542,Q0642,1.0,D542,D642,hard,hard,procedural,procedural,different_documents
Q0541,Q0697,1.0,D541,D697,medium,medium,procedural,procedural,different_documents
Q0541,Q0641,1.0,D541,D641,medium,medium,procedural,procedural,different_documents
Q0540,Q0696,1.0,D540,D696,hard,hard,direct_information,direct_information,different_documents
Q0540,Q0640,1.0,D540,D640,hard,hard,direct_information,direct_information,different_documents
Q0540,Q0600,1.0,D540,D600,hard,hard,direct_information,direct_information,duplicate_or_near_duplicate_documents
Q0539,Q0695,1.0,D539,D695,medium,medium,procedural,procedural,different_documents
Q0570,Q0666,1.0,D570,D666,hard,hard,requirement,requirement,different_documents
Q0569,Q0665,1.0,D569,D665,medium,medium,requirement,requirement,different_documents
Q0568,Q0664,1.0,D568,D664,hard,hard,procedural,procedural,different_documents
Q0567,Q0663,1.0,D567,D663,medium,medium,direct_information,direct_information,different_documents
Q0560,Q0660,1.0,D560,D660,easy,easy,direct_information,direct_information,different_documents
Q0559,Q0659,1.0,D559,D659,medium,medium,requirement,requirement,different_documents
Q0558,Q0658,1.0,D558,D658,hard,hard,procedural,procedural,different_documents
Q0557,Q0657,1.0,D557,D657,easy,easy,direct_information,direct_information,different_documents
Q0556,Q0656,1.0,D556,D656,medium,medium,direct_information,direct_information,different_documents
Q0555,Q0655,1.0,D555,D655,easy,easy,direct_information,direct_information,different_documents
Q0554,Q0654,1.0,D554,D654,hard,hard,procedural,procedural,different_documents
Q0553,Q0653,1.0,D553,D653,medium,medium,direct_information,direct_information,different_documents
Q0552,Q0652,1.0,D552,D652,medium,medium,direct_information,direct_information,different_documents
Q0551,Q0651,1.0,D551,D651,hard,hard,direct_information,direct_information,different_documents
Q0550,Q0650,1.0,D550,D650,medium,medium,direct_information,direct_information,different_documents
Q0549,Q0649,1.0,D549,D649,hard,hard,direct_information,direct_information,different_documents
Q0583,Q0679,1.0,D583,D679,easy,easy,procedural,procedural,different_documents
Q0582,Q0678,1.0,D582,D678,hard,hard,requirement,requirement,different_documents
Q0581,Q0677,1.0,D581,D677,medium,medium,direct_information,direct_information,different_documents
Q0580,Q0676,1.0,D580,D676,easy,easy,direct_information,direct_information,different_documents
Q0579,Q0675,1.0,D579,D675,hard,hard,procedural,procedural,different_documents
Q0578,Q0674,1.0,D578,D674,medium,medium,requirement,requirement,different_documents
Q0577,Q0673,1.0,D577,D673,easy,easy,direct_information,direct_information,different_documents
Q0576,Q0672,1.0,D576,D672,hard,hard,requirement,requirement,different_documents
Q0575,Q0671,1.0,D575,D671,hard,hard,direct_information,direct_information,different_documents
Q0574,Q0670,1.0,D574,D670,medium,medium,direct_information,direct_information,different_documents
Q0573,Q0669,1.0,D573,D669,easy,easy,direct_information,direct_information,different_documents
Q0572,Q0668,1.0,D572,D668,hard,hard,procedural,procedural,different_documents
Q0571,Q0667,1.0,D571,D667,medium,medium,requirement,requirement,different_documents
Q0840,Q0900,1.0,D840,D900,medium,medium,direct_information,direct_information,different_documents
Q0839,Q0974,1.0,D839,D974,hard,hard,procedural,procedural,different_documents
Q0839,Q0899,1.0,D839,D899,hard,hard,procedural,procedural,duplicate_or_near_duplicate_documents
Q0838,Q0973,1.0,D838,D973,easy,medium,direct_information,direct_information,different_documents
Q0838,Q0898,1.0,D838,D898,easy,easy,direct_information,direct_information,different_documents
Q0837,Q0897,1.0,D837,D897,medium,medium,procedural,procedural,different_documents
Q0836,Q0896,1.0,D836,D896,medium,medium,direct_information,direct_information,different_documents
Q0835,Q0971,1.0,D835,D971,hard,hard,direct_information,direct_information,different_documents
Q0835,Q0895,1.0,D835,D895,hard,hard,direct_information,direct_information,different_documents
Q0834,Q0894,1.0,D834,D894,easy,easy,direct_information,direct_information,different_documents
Q0833,Q0893,1.0,D833,D893,hard,hard,procedural,procedural,different_documents
Q0832,Q0892,1.0,D832,D892,medium,medium,direct_information,direct_information,duplicate_or_near_duplicate_documents
Q0831,Q0891,1.0,D831,D891,easy,easy,direct_information,direct_information,different_documents
Q0594,Q0634,1.0,D594,D634,hard,hard,procedural,procedural,different_documents
Q0593,Q0689,1.0,D593,D689,medium,medium,direct_information,direct_information,different_documents
Q0593,Q0633,1.0,D593,D633,medium,medium,direct_information,direct_information,different_documents
Q0592,Q0688,1.0,D592,D688,easy,easy,direct_information,direct_information,different_documents
Q0592,Q0632,1.0,D592,D632,easy,easy,direct_information,direct_information,different_documents
Q0591,Q0687,1.0,D591,D687,hard,hard,requirement,requirement,different_documents
Q0590,Q0686,1.0,D590,D686,medium,medium,procedural,procedural,different_documents
Q0589,Q0685,1.0,D589,D685,hard,hard,requirement,requirement,different_documents
Q0588,Q0684,1.0,D588,D684,medium,medium,procedural,procedural,different_documents
Q0587,Q0683,1.0,D587,D683,hard,hard,direct_information,direct_information,different_documents
Q0586,Q0682,1.0,D586,D682,easy,easy,direct_information,direct_information,different_documents
Q0586,Q0626,1.0,D586,D626,easy,easy,direct_information,direct_information,different_documents
Q0585,Q0681,1.0,D585,D681,hard,hard,requirement,requirement,different_documents
Q0584,Q0680,1.0,D584,D680,medium,medium,procedural,procedural,different_documents
Q0600,Q0696,1.0,D600,D696,hard,hard,direct_information,direct_information,different_documents
Q0600,Q0640,1.0,D600,D640,hard,hard,direct_information,direct_information,different_documents
Q0599,Q0695,1.0,D599,D695,medium,medium,procedural,procedural,different_documents
Q0599,Q0639,1.0,D599,D639,medium,medium,procedural,procedural,different_documents
Q0598,Q0694,1.0,D598,D694,easy,easy,direct_information,direct_information,different_documents
Q0598,Q0638,1.0,D598,D638,easy,easy,direct_information,direct_information,different_documents
Q0597,Q0693,1.0,D597,D693,hard,hard,direct_information,direct_information,different_documents
Q0597,Q0637,1.0,D597,D637,hard,hard,direct_information,direct_information,different_documents
Q0596,Q0692,1.0,D596,D692,medium,medium,procedural,procedural,different_documents
Q0596,Q0636,1.0,D596,D636,medium,medium,procedural,procedural,different_documents
Q0595,Q0691,1.0,D595,D691,easy,easy,procedural,procedural,different_documents
Q0595,Q0635,1.0,D595,D635,easy,easy,procedural,procedural,different_documents
Q0594,Q0690,1.0,D594,D690,hard,hard,procedural,procedural,different_documents
Q0643,Q0699,1.0,D643,D699,easy,easy,direct_information,direct_information,duplicate_or_near_duplicate_documents
Q0642,Q0698,1.0,D642,D698,hard,hard,procedural,procedural,duplicate_or_near_duplicate_documents
Q0641,Q0697,1.0,D641,D697,medium,medium,procedural,procedural,duplicate_or_near_duplicate_documents
Q0640,Q0696,1.0,D640,D696,hard,hard,direct_information,direct_information,duplicate_or_near_duplicate_documents
Q0639,Q0695,1.0,D639,D695,medium,medium,procedural,procedural,duplicate_or_near_duplicate_documents
Q0638,Q0694,1.0,D638,D694,easy,easy,direct_information,direct_information,duplicate_or_near_duplicate_documents
Q0637,Q0693,1.0,D637,D693,hard,hard,direct_information,direct_information,duplicate_or_near_duplicate_documents
Q0636,Q0692,1.0,D636,D692,medium,medium,procedural,procedural,duplicate_or_near_duplicate_documents
Q0635,Q0691,1.0,D635,D691,easy,easy,procedural,procedural,duplicate_or_near_duplicate_documents
Q0634,Q0690,1.0,D634,D690,hard,hard,procedural,procedural,duplicate_or_near_duplicate_documents
Q0633,Q0689,1.0,D633,D689,medium,medium,direct_information,direct_information,duplicate_or_near_duplicate_documents
Q0632,Q0688,1.0,D632,D688,easy,easy,direct_information,direct_information,duplicate_or_near_duplicate_documents
Q0626,Q0682,1.0,D626,D682,easy,easy,direct_information,direct_information,duplicate_or_near_duplicate_documents
Q0716,Q0916,1.0,D716,D916,hard,hard,requirement,requirement,duplicate_or_near_duplicate_documents
Q0715,Q0915,1.0,D715,D915,medium,medium,requirement,requirement,duplicate_or_near_duplicate_documents
Q0714,Q0914,1.0,D714,D914,hard,hard,procedural,procedural,duplicate_or_near_duplicate_documents
Q0713,Q0913,1.0,D713,D913,medium,medium,procedural,procedural,duplicate_or_near_duplicate_documents
Q0712,Q0912,1.0,D712,D912,hard,hard,procedural,procedural,duplicate_or_near_duplicate_documents
Q0711,Q0911,1.0,D711,D911,medium,medium,direct_information,direct_information,duplicate_or_near_duplicate_documents
Q0710,Q0910,1.0,D710,D910,hard,hard,requirement,requirement,different_documents
Q0709,Q0909,1.0,D709,D909,easy,easy,direct_information,direct_information,different_documents
Q0708,Q0908,1.0,D708,D908,medium,medium,direct_information,direct_information,different_documents
Q0707,Q0907,1.0,D707,D907,easy,easy,direct_information,direct_information,different_documents
Q0706,Q0906,1.0,D706,D906,medium,medium,direct_information,direct_information,different_documents
Q0705,Q0905,1.0,D705,D905,hard,hard,procedural,procedural,different_documents
Q0704,Q0904,1.0,D704,D904,medium,medium,direct_information,direct_information,different_documents
Q0703,Q0903,1.0,D703,D903,hard,hard,direct_information,direct_information,different_documents
Q0702,Q0902,1.0,D702,D902,medium,medium,direct_information,direct_information,different_documents
Q0701,Q0901,1.0,D701,D901,easy,easy,procedural,procedural,different_documents
Q0732,Q0932,1.0,D732,D932,hard,hard,direct_information,direct_information,duplicate_or_near_duplicate_documents
Q0731,Q0931,1.0,D731,D931,medium,medium,direct_information,direct_information,duplicate_or_near_duplicate_documents
Q0730,Q0930,1.0,D730,D930,medium,medium,direct_information,direct_information,duplicate_or_near_duplicate_documents
Q0728,Q0928,1.0,D728,D928,easy,easy,direct_information,direct_information,duplicate_or_near_duplicate_documents
Q0727,Q0927,1.0,D727,D927,medium,medium,procedural,procedural,duplicate_or_near_duplicate_documents
Q0726,Q0926,1.0,D726,D926,hard,hard,direct_information,direct_information,duplicate_or_near_duplicate_documents
Q0725,Q0925,1.0,D725,D925,medium,medium,requirement,requirement,duplicate_or_near_duplicate_documents
Q0724,Q0924,1.0,D724,D924,hard,hard,procedural,procedural,duplicate_or_near_duplicate_documents
Q0723,Q0923,1.0,D723,D923,medium,medium,procedural,procedural,duplicate_or_near_duplicate_documents
Q0722,Q0922,1.0,D722,D922,hard,hard,requirement,requirement,duplicate_or_near_duplicate_documents
Q0721,Q0921,1.0,D721,D921,medium,medium,direct_information,direct_information,duplicate_or_near_duplicate_documents
Q0720,Q0920,1.0,D720,D920,hard,hard,procedural,procedural,duplicate_or_near_duplicate_documents
Q0719,Q0919,1.0,D719,D919,medium,medium,procedural,procedural,duplicate_or_near_duplicate_documents
Q0718,Q0918,1.0,D718,D918,easy,easy,direct_information,direct_information,duplicate_or_near_duplicate_documents
Q0717,Q0917,1.0,D717,D917,medium,medium,procedural,procedural,duplicate_or_near_duplicate_documents
Q0748,Q0948,1.0,D748,D948,medium,medium,direct_information,direct_information,duplicate_or_near_duplicate_documents
Q0747,Q0947,1.0,D747,D947,hard,hard,direct_information,direct_information,duplicate_or_near_duplicate_documents
Q0746,Q0946,1.0,D746,D946,medium,medium,direct_information,direct_information,duplicate_or_near_duplicate_documents
Q0745,Q0945,1.0,D745,D945,hard,hard,direct_information,direct_information,duplicate_or_near_duplicate_documents
Q0744,Q0944,1.0,D744,D944,easy,easy,direct_information,direct_information,duplicate_or_near_duplicate_documents
Q0743,Q0943,1.0,D743,D943,medium,medium,direct_information,direct_information,duplicate_or_near_duplicate_documents
Q0742,Q0942,1.0,D742,D942,hard,hard,direct_information,direct_information,duplicate_or_near_duplicate_documents
Q0741,Q0941,1.0,D741,D941,medium,medium,direct_information,direct_information,duplicate_or_near_duplicate_documents
Q0740,Q0940,1.0,D740,D940,hard,hard,direct_information,direct_information,duplicate_or_near_duplicate_documents
Q0739,Q0939,1.0,D739,D939,medium,medium,direct_information,direct_information,duplicate_or_near_duplicate_documents
Q0738,Q0938,1.0,D738,D938,hard,hard,procedural,procedural,duplicate_or_near_duplicate_documents
Q0737,Q0937,1.0,D737,D937,medium,medium,direct_information,direct_information,duplicate_or_near_duplicate_documents
Q0736,Q0936,1.0,D736,D936,hard,hard,direct_information,direct_information,duplicate_or_near_duplicate_documents
Q0735,Q0935,1.0,D735,D935,medium,medium,procedural,procedural,duplicate_or_near_duplicate_documents
Q0734,Q0934,1.0,D734,D934,easy,easy,direct_information,direct_information,duplicate_or_near_duplicate_documents
Q0733,Q0933,1.0,D733,D933,medium,medium,procedural,procedural,duplicate_or_near_duplicate_documents
Q0764,Q0964,1.0,D764,D964,easy,easy,procedural,procedural,different_documents
Q0763,Q0963,1.0,D763,D963,easy,easy,direct_information,direct_information,different_documents
Q0762,Q0962,1.0,D762,D962,medium,medium,procedural,procedural,different_documents
Q0761,Q0961,1.0,D761,D961,easy,easy,direct_information,direct_information,different_documents
Q0760,Q0960,1.0,D760,D960,hard,hard,direct_information,direct_information,duplicate_or_near_duplicate_documents
Q0759,Q0959,1.0,D759,D959,medium,medium,direct_information,direct_information,duplicate_or_near_duplicate_documents
Q0758,Q0958,1.0,D758,D958,hard,hard,direct_information,direct_information,duplicate_or_near_duplicate_documents
Q0757,Q0957,1.0,D757,D957,easy,easy,direct_information,direct_information,duplicate_or_near_duplicate_documents
Q0756,Q0956,1.0,D756,D956,medium,medium,direct_information,direct_information,duplicate_or_near_duplicate_documents
Q0755,Q0955,1.0,D755,D955,hard,hard,direct_information,direct_information,duplicate_or_near_duplicate_documents
Q0754,Q0954,1.0,D754,D954,medium,medium,direct_information,direct_information,duplicate_or_near_duplicate_documents
Q0753,Q0953,1.0,D753,D953,hard,hard,direct_information,direct_information,duplicate_or_near_duplicate_documents
Q0752,Q0952,1.0,D752,D952,medium,medium,direct_information,direct_information,duplicate_or_near_duplicate_documents
Q0751,Q0951,1.0,D751,D951,hard,hard,direct_information,direct_information,duplicate_or_near_duplicate_documents
Q0750,Q0950,1.0,D750,D950,medium,medium,direct_information,direct_information,duplicate_or_near_duplicate_documents
Q0749,Q0949,1.0,D749,D949,hard,hard,direct_information,direct_information,duplicate_or_near_duplicate_documents
Q0776,Q0972,1.0,D776,D972,easy,easy,direct_information,direct_information,different_documents
Q0775,Q0971,1.0,D775,D971,hard,hard,direct_information,direct_information,different_documents
Q0775,Q0895,1.0,D775,D895,hard,hard,direct_information,direct_information,different_documents
Q0775,Q0835,1.0,D775,D835,hard,hard,direct_information,direct_information,duplicate_or_near_duplicate_documents
Q0774,Q0970,1.0,D774,D970,medium,medium,procedural,procedural,different_documents
Q0773,Q0969,1.0,D773,D969,easy,easy,direct_information,direct_information,different_documents
Q0772,Q0968,1.0,D772,D968,medium,medium,procedural,procedural,different_documents
Q0771,Q0967,1.0,D771,D967,hard,hard,requirement,requirement,duplicate_or_near_duplicate_documents
Q0766,Q0966,1.0,D766,D966,medium,medium,procedural,procedural,different_documents
Q0765,Q0965,1.0,D765,D965,medium,medium,direct_information,direct_information,different_documents
Q0830,Q0889,1.0,D830,D889,hard,hard,procedural,procedural,different_documents
Q0829,Q0888,1.0,D829,D888,medium,medium,procedural,procedural,duplicate_or_near_duplicate_documents
Q0828,Q0887,1.0,D828,D887,easy,easy,procedural,procedural,duplicate_or_near_duplicate_documents
Q0827,Q0886,1.0,D827,D886,medium,medium,requirement,requirement,different_documents
Q0826,Q0885,1.0,D826,D885,hard,hard,procedural,procedural,duplicate_or_near_duplicate_documents
Q0825,Q0884,1.0,D825,D884,medium,medium,direct_information,direct_information,different_documents
Q0824,Q0883,1.0,D824,D883,easy,easy,direct_information,direct_information,different_documents
Q0820,Q0880,1.0,D820,D880,medium,medium,direct_information,direct_information,duplicate_or_near_duplicate_documents
Q0819,Q0879,1.0,D819,D879,easy,easy,direct_information,direct_information,duplicate_or_near_duplicate_documents
Q0818,Q0878,1.0,D818,D878,hard,hard,procedural,procedural,duplicate_or_near_duplicate_documents
Q0817,Q0877,1.0,D817,D877,medium,medium,direct_information,direct_information,duplicate_or_near_duplicate_documents
Q0816,Q0876,1.0,D816,D876,hard,hard,direct_information,direct_information,duplicate_or_near_duplicate_documents
Q0815,Q0875,1.0,D815,D875,easy,easy,direct_information,direct_information,duplicate_or_near_duplicate_documents
Q0814,Q0874,1.0,D814,D874,medium,medium,direct_information,direct_information,duplicate_or_near_duplicate_documents
Q0813,Q0873,1.0,D813,D873,medium,medium,direct_information,direct_information,duplicate_or_near_duplicate_documents
Q0784,Q0844,1.0,D784,D844,easy,easy,direct_information,direct_information,duplicate_or_near_duplicate_documents
Q0783,Q0978,1.0,D783,D978,hard,hard,requirement,requirement,different_documents
Q0783,Q0843,1.0,D783,D843,hard,hard,requirement,requirement,duplicate_or_near_duplicate_documents
Q0782,Q0977,1.0,D782,D977,medium,medium,procedural,procedural,different_documents
Q0782,Q0842,1.0,D782,D842,medium,medium,procedural,procedural,duplicate_or_near_duplicate_documents
Q0781,Q0976,1.0,D781,D976,easy,easy,direct_information,direct_information,different_documents
Q0781,Q0841,1.0,D781,D841,easy,easy,direct_information,direct_information,duplicate_or_near_duplicate_documents
Q0779,Q0975,1.0,D779,D975,medium,medium,direct_information,direct_information,different_documents
Q0779,Q0900,1.0,D779,D900,medium,medium,direct_information,direct_information,duplicate_or_near_duplicate_documents
Q0779,Q0840,1.0,D779,D840,medium,medium,direct_information,direct_information,different_documents
Q0778,Q0974,1.0,D778,D974,hard,hard,procedural,procedural,different_documents
Q0778,Q0899,1.0,D778,D899,hard,hard,procedural,procedural,duplicate_or_near_duplicate_documents
Q0778,Q0839,1.0,D778,D839,hard,hard,procedural,procedural,duplicate_or_near_duplicate_documents
Q0777,Q0973,1.0,D777,D973,medium,medium,direct_information,direct_information,different_documents
Q0777,Q0898,1.0,D777,D898,medium,easy,direct_information,direct_information,different_documents
Q0777,Q0838,1.0,D777,D838,medium,easy,direct_information,direct_information,duplicate_or_near_duplicate_documents
Q0792,Q0852,1.0,D792,D852,easy,easy,direct_information,direct_information,duplicate_or_near_duplicate_documents
Q0791,Q0986,1.0,D791,D986,medium,medium,direct_information,direct_information,different_documents
Q0791,Q0851,1.0,D791,D851,medium,medium,direct_information,direct_information,duplicate_or_near_duplicate_documents
Q0790,Q0985,1.0,D790,D985,easy,easy,procedural,procedural,different_documents
Q0790,Q0850,1.0,D790,D850,easy,easy,procedural,procedural,duplicate_or_near_duplicate_documents
Q0789,Q0984,1.0,D789,D984,medium,medium,direct_information,direct_information,different_documents
Q0789,Q0849,1.0,D789,D849,medium,medium,direct_information,direct_information,duplicate_or_near_duplicate_documents
Q0788,Q0983,1.0,D788,D983,hard,hard,procedural,procedural,different_documents
Q0788,Q0848,1.0,D788,D848,hard,hard,procedural,procedural,duplicate_or_near_duplicate_documents
Q0787,Q0982,1.0,D787,D982,medium,medium,direct_information,direct_information,different_documents
Q0787,Q0847,1.0,D787,D847,medium,medium,direct_information,direct_information,duplicate_or_near_duplicate_documents
Q0786,Q0981,1.0,D786,D981,hard,hard,procedural,procedural,different_documents
Q0786,Q0846,1.0,D786,D846,hard,hard,procedural,procedural,duplicate_or_near_duplicate_documents
Q0785,Q0980,1.0,D785,D980,medium,medium,requirement,requirement,different_documents
Q0785,Q0845,1.0,D785,D845,medium,medium,requirement,requirement,duplicate_or_near_duplicate_documents
Q0784,Q0979,1.0,D784,D979,easy,easy,direct_information,direct_information,different_documents
Q0800,Q0860,1.0,D800,D860,hard,hard,procedural,procedural,duplicate_or_near_duplicate_documents
Q0799,Q0994,1.0,D799,D994,easy,easy,direct_information,direct_information,different_documents
Q0799,Q0859,1.0,D799,D859,easy,easy,direct_information,direct_information,duplicate_or_near_duplicate_documents
Q0798,Q0993,1.0,D798,D993,medium,medium,procedural,procedural,different_documents
Q0798,Q0858,1.0,D798,D858,medium,medium,procedural,procedural,duplicate_or_near_duplicate_documents
Q0797,Q0992,1.0,D797,D992,hard,hard,requirement,requirement,different_documents
Q0797,Q0857,1.0,D797,D857,hard,hard,requirement,requirement,different_documents
Q0796,Q0991,1.0,D796,D991,medium,medium,direct_information,direct_information,different_documents
Q0796,Q0856,1.0,D796,D856,medium,medium,direct_information,direct_information,duplicate_or_near_duplicate_documents
Q0795,Q0990,1.0,D795,D990,easy,easy,procedural,procedural,different_documents
Q0795,Q0855,1.0,D795,D855,easy,easy,procedural,procedural,duplicate_or_near_duplicate_documents
Q0794,Q0989,1.0,D794,D989,hard,hard,procedural,procedural,different_documents
Q0794,Q0854,1.0,D794,D854,hard,hard,procedural,procedural,duplicate_or_near_duplicate_documents
Q0793,Q0988,1.0,D793,D988,medium,medium,direct_information,direct_information,different_documents
Q0793,Q0853,1.0,D793,D853,medium,medium,direct_information,direct_information,duplicate_or_near_duplicate_documents
Q0792,Q0987,1.0,D792,D987,easy,easy,direct_information,direct_information,different_documents
Q0812,Q0872,1.0,D812,D872,easy,easy,direct_information,direct_information,duplicate_or_near_duplicate_documents
Q0811,Q0871,1.0,D811,D871,hard,hard,direct_information,direct_information,duplicate_or_near_duplicate_documents
Q0810,Q0870,1.0,D810,D870,medium,medium,direct_information,direct_information,duplicate_or_near_duplicate_documents
Q0809,Q0869,1.0,D809,D869,easy,easy,direct_information,direct_information,different_documents
Q0808,Q0868,1.0,D808,D868,medium,medium,direct_information,direct_information,different_documents
Q0807,Q0867,1.0,D807,D867,easy,easy,procedural,procedural,duplicate_or_near_duplicate_documents
Q0806,Q0866,1.0,D806,D866,medium,medium,direct_information,direct_information,duplicate_or_near_duplicate_documents
Q0805,Q1000,1.0,D805,D1000,hard,hard,requirement,requirement,different_documents
Q0805,Q0865,1.0,D805,D865,hard,hard,requirement,requirement,duplicate_or_near_duplicate_documents
Q0804,Q0999,1.0,D804,D999,medium,medium,direct_information,direct_information,different_documents
Q0804,Q0864,1.0,D804,D864,medium,medium,direct_information,direct_information,duplicate_or_near_duplicate_documents
Q0803,Q0998,1.0,D803,D998,medium,medium,direct_information,direct_information,different_documents
Q0803,Q0863,1.0,D803,D863,medium,medium,direct_information,direct_information,duplicate_or_near_duplicate_documents
Q0802,Q0997,1.0,D802,D997,easy,easy,direct_information,direct_information,different_documents
Q0802,Q0862,1.0,D802,D862,easy,easy,direct_information,direct_information,duplicate_or_near_duplicate_documents
Q0800,Q0995,1.0,D800,D995,hard,hard,procedural,procedural,different_documents
Q0170,Q0558,1.0,D170,D558,hard,hard,procedural,procedural,duplicate_or_near_duplicate_documents
Q0898,Q0973,1.0,D898,D973,easy,medium,direct_information,direct_information,different_documents
Q0895,Q0971,1.0,D895,D971,hard,hard,direct_information,direct_information,duplicate_or_near_duplicate_documents
Q0865,Q1000,1.0,D865,D1000,hard,hard,requirement,requirement,different_documents
Q0864,Q0999,1.0,D864,D999,medium,medium,direct_information,direct_information,different_documents
Q0863,Q0998,1.0,D863,D998,medium,medium,direct_information,direct_information,different_documents
Q0862,Q0997,1.0,D862,D997,easy,easy,direct_information,direct_information,different_documents
Q0861,Q0996,1.0,D861,D996,easy,easy,direct_information,direct_information,different_documents
Q0860,Q0995,1.0,D860,D995,hard,hard,procedural,procedural,different_documents
Q0859,Q0994,1.0,D859,D994,easy,easy,direct_information,direct_information,different_documents
Q0858,Q0993,1.0,D858,D993,medium,medium,procedural,procedural,different_documents
Q0857,Q0992,1.0,D857,D992,hard,hard,requirement,requirement,different_documents
Q0856,Q0991,1.0,D856,D991,medium,medium,direct_information,direct_information,different_documents
Q0312,Q0462,1.0,D312,D462,hard,hard,requirement,requirement,duplicate_or_near_duplicate_documents
Q0311,Q0461,1.0,D311,D461,easy,easy,direct_information,direct_information,duplicate_or_near_duplicate_documents
Q0307,Q0457,1.0,D307,D457,easy,easy,direct_information,direct_information,duplicate_or_near_duplicate_documents
Q0295,Q0924,1.0,D295,D924,hard,hard,procedural,procedural,different_documents
Q0295,Q0724,1.0,D295,D724,hard,hard,procedural,procedural,different_documents
Q0240,Q0656,1.0,D240,D656,medium,medium,direct_information,direct_information,different_documents
Q0240,Q0556,1.0,D240,D556,medium,medium,direct_information,direct_information,duplicate_or_near_duplicate_documents
Q0233,Q0918,1.0,D233,D918,hard,easy,requirement,direct_information,different_documents
Q0233,Q0718,1.0,D233,D718,hard,easy,requirement,direct_information,different_documents
Q0200,Q0660,1.0,D200,D660,medium,easy,direct_information,direct_information,different_documents
Q0200,Q0560,1.0,D200,D560,medium,easy,direct_information,direct_information,duplicate_or_near_duplicate_documents
Q0170,Q0658,1.0,D170,D658,hard,hard,procedural,procedural,different_documents
Q0525,Q0625,0.9997,D525,D625,hard,hard,requirement,requirement,different_documents
Q0585,Q0625,0.9997,D585,D625,hard,hard,requirement,requirement,different_documents
Q0581,Q0621,0.9997,D581,D621,medium,medium,direct_information,direct_information,different_documents
Q0621,Q0677,0.9997,D621,D677,medium,medium,direct_information,direct_information,different_documents
Q0625,Q0681,0.9997,D625,D681,hard,hard,requirement,requirement,duplicate_or_near_duplicate_documents
Q0425,Q0625,0.9997,D425,D625,hard,hard,requirement,requirement,different_documents
Q0521,Q0621,0.9997,D521,D621,medium,medium,direct_information,direct_information,different_documents
Q0822,Q0890,0.9996,D822,D890,medium,medium,requirement,requirement,different_documents
Q0837,Q0970,0.9717,D837,D970,medium,medium,procedural,procedural,different_documents
Q0774,Q0837,0.9717,D774,D837,medium,medium,procedural,procedural,duplicate_or_near_duplicate_documents
Q0774,Q0897,0.9717,D774,D897,medium,medium,procedural,procedural,different_documents
Q0897,Q0970,0.9717,D897,D970,medium,medium,procedural,procedural,different_documents
Q0351,Q0710,0.9566,D351,D710,hard,hard,requirement,requirement,different_documents
Q0351,Q0910,0.9566,D351,D910,hard,hard,requirement,requirement,different_documents
Q0893,Q0968,0.9565,D893,D968,hard,medium,procedural,procedural,different_documents
Q0833,Q0968,0.9565,D833,D968,hard,medium,procedural,procedural,different_documents
Q0772,Q0893,0.9565,D772,D893,medium,hard,procedural,procedural,different_documents
Q0772,Q0833,0.9565,D772,D833,medium,hard,procedural,procedural,different_documents
Q0544,Q0700,0.9547,D544,D700,hard,hard,procedural,procedural,different_documents
Q0644,Q0700,0.9547,D644,D700,hard,hard,procedural,procedural,duplicate_or_near_duplicate_documents
Q0444,Q0700,0.9547,D444,D700,hard,hard,procedural,procedural,different_documents
Q0776,Q0834,0.9535,D776,D834,easy,easy,direct_information,direct_information,duplicate_or_near_duplicate_documents
Q0894,Q0972,0.9535,D894,D972,easy,easy,direct_information,direct_information,different_documents
Q0834,Q0972,0.9535,D834,D972,easy,easy,direct_information,direct_information,different_documents
Q0776,Q0894,0.9535,D776,D894,easy,easy,direct_information,direct_information,different_documents
Q0305,Q0510,0.9478,D305,D510,medium,medium,requirement,requirement,duplicate_or_near_duplicate_documents
Q0305,Q0460,0.9478,D305,D460,medium,medium,requirement,requirement,duplicate_or_near_duplicate_documents
Q0451,Q0890,0.9438,D451,D890,hard,medium,requirement,requirement,different_documents
Q0451,Q0822,0.9434,D451,D822,hard,medium,requirement,requirement,different_documents
Q0584,Q0624,0.9412,D584,D624,medium,medium,procedural,procedural,different_documents
Q0624,Q0680,0.9412,D624,D680,medium,medium,procedural,procedural,different_documents
Q0524,Q0624,0.9412,D524,D624,medium,medium,procedural,procedural,different_documents
Q0424,Q0624,0.9412,D424,D624,medium,medium,procedural,procedural,different_documents
Q0151,Q0504,0.9351,D151,D504,easy,easy,direct_information,direct_information,different_documents
Q0513,Q0613,0.935,D513,D613,easy,easy,direct_information,direct_information,different_documents
Q0413,Q0613,0.935,D413,D613,easy,easy,direct_information,direct_information,different_documents
Q0613,Q0669,0.935,D613,D669,easy,easy,direct_information,direct_information,different_documents
Q0573,Q0613,0.935,D573,D613,easy,easy,direct_information,direct_information,different_documents
Q0729,Q0929,0.9327,D729,D929,hard,hard,procedural,procedural,duplicate_or_near_duplicate_documents
Q0579,Q0619,0.9264,D579,D619,hard,hard,procedural,procedural,different_documents
Q0619,Q0675,0.9264,D619,D675,hard,hard,procedural,procedural,different_documents
Q0519,Q0619,0.9264,D519,D619,hard,hard,procedural,procedural,different_documents
Q0419,Q0619,0.9264,D419,D619,hard,hard,procedural,procedural,different_documents
Q0286,Q0374,0.9132,D286,D374,medium,easy,direct_information,direct_information,different_documents
Q0272,Q0661,0.9116,D272,D661,medium,medium,procedural,procedural,different_documents
