,Nomic-Embed-Text-v2-MoE,GTE-multilingual-base,Jina-Embeddings-v3,LaBSE,Paraphrase-multilingual-mpnet-base-v2,Paraphrase-multilingual-MiniLM-L12-v2,Multilingual-E5-large-instruct,BGE-M3,Qwen3-Embedding-0.6B,Pashto BERT (baseline)
Nomic-Embed-Text-v2-MoE,1.0,1.2069284243029406e-30,1.7842245162801398e-09,1.601888410424403e-47,3.8544655748693604e-96,1.4862987483770968e-148,0.0006675496539243011,0.8302537310126232,8.741236826313346e-54,1.0751316597619494e-180
GTE-multilingual-base,1.2069284243029406e-30,1.0,4.636675265775449e-13,9.41414875166977e-10,1.1723532253360444e-69,2.5515714534764297e-128,1.2811195819134463e-20,4.6926717294525505e-28,8.53525122025997e-15,4.0242211267800655e-161
Jina-Embeddings-v3,1.7842245162801398e-09,4.636675265775449e-13,1.0,2.877268276818973e-34,1.5742431855634293e-88,1.4739384821442556e-141,0.0034935309119678726,2.232737502562099e-08,3.0770399675861728e-37,2.5257696691037723e-172
LaBSE,1.601888410424403e-47,9.41414875166977e-10,2.877268276818973e-34,1.0,5.550446377802536e-42,4.219739805001364e-115,3.762822375993595e-40,4.918793642223459e-49,0.8302537310126232,6.243566207379893e-150
Paraphrase-multilingual-mpnet-base-v2,3.8544655748693604e-96,1.1723532253360444e-69,1.5742431855634293e-88,5.550446377802536e-42,1.0,1.28493164670762e-67,7.42037919188061e-92,3.0673935110654945e-96,2.5040029335254813e-34,4.6608588745261374e-110
Paraphrase-multilingual-MiniLM-L12-v2,1.4862987483770968e-148,2.5515714534764297e-128,1.4739384821442556e-141,4.219739805001364e-115,1.28493164670762e-67,1.0,2.1857174498209748e-145,5.70959550119653e-149,6.097938394342562e-110,6.009091073615247e-32
Multilingual-E5-large-instruct,0.0006675496539243011,1.2811195819134463e-20,0.0034935309119678726,3.762822375993595e-40,7.42037919188061e-92,2.1857174498209748e-145,1.0,0.0034935309119678726,1.3293837920212386e-47,9.702392578020211e-177
BGE-M3,0.8302537310126232,4.6926717294525505e-28,2.232737502562099e-08,4.918793642223459e-49,3.0673935110654945e-96,5.70959550119653e-149,0.0034935309119678726,1.0,1.447460429893949e-51,7.466855150152179e-180
Qwen3-Embedding-0.6B,8.741236826313346e-54,8.53525122025997e-15,3.0770399675861728e-37,0.8302537310126232,2.5040029335254813e-34,6.097938394342562e-110,1.3293837920212386e-47,1.447460429893949e-51,1.0,9.491716975941322e-146
Pashto BERT (baseline),1.0751316597619494e-180,4.0242211267800655e-161,2.5257696691037723e-172,6.243566207379893e-150,4.6608588745261374e-110,6.009091073615247e-32,9.702392578020211e-177,7.466855150152179e-180,9.491716975941322e-146,1.0
