Model,direct_information,procedural,requirement,indirect
Nomic-Embed-Text-v2-MoE,0.9326,0.9407,0.9181,0.8523
BGE-M3,0.9447,0.916,0.9036,0.8641
Multilingual-E5-large-instruct,0.9163,0.9165,0.8876,0.7961
Jina-Embeddings-v3,0.8906,0.8813,0.8611,0.8169
GTE-multilingual-base,0.8227,0.8049,0.7721,0.7442
LaBSE,0.7186,0.7243,0.6865,0.6827
Qwen3-Embedding-0.6B,0.7384,0.7031,0.6903,0.6232
Paraphrase-multilingual-mpnet-base-v2,0.5001,0.497,0.5002,0.4801
Paraphrase-multilingual-MiniLM-L12-v2,0.222,0.215,0.1757,0.1926
Pashto BERT (baseline),0.0661,0.0402,0.0633,0.0464
